Class,Player,POS,OVR,Nation,Club1,Club2,Club3,Club4,Club5
LN,지네딘 지단,CAM,109,프랑스,레알 마드리드,피에몬테 칼초,,,
LN,호나우두,ST,109,브라질,AC 밀란,레알 마드리드,인테르,FC 바르셀로나,
LN,요한 크루이프,CF,109,네덜란드,아약스,FC 바르셀로나,,,
LN,앨런 시어러,ST,108,잉글랜드,,,,,
LN,델피에로,CF,108,이탈리아,피에몬테 칼초,,,,
LN,파올로 말디니,LB,108,이탈리아,AC 밀란,,,,
LN,로베르토 바조,CF,108,이탈리아,인테르,AC 밀란,피에몬테 칼초,,
LN,파비오 칸나바로,CB,108,이탈리아,피에몬테 칼초,레알 마드리드,인테르,나폴리,
LN,티에리 앙리,ST,108,프랑스,아스널,FC 바르셀로나,피에몬테 칼초,AS 모나코,
LN,데니스 베르캄프,CF,108,네덜란드,아스널,인테르,아약스,,
LN,히바우두,CAM,108,브라질,AC 밀란,FC 바르셀로나,,,
LN,프랭크 램파드,CAM,108,잉글랜드,맨체스터 시티,첼시,,,
LN,루이스 피구,RW,108,포르투갈,인테르,레알 마드리드,FC 바르셀로나,,
LN,파벨 네드베드,LM,108,체코,피에몬테 칼초,라티움,,,
LN,안드레아 피를로,CM,108,이탈리아,피에몬테 칼초,AC 밀란,인테르,,
LN,로빈 반페르시,ST,108,네덜란드,맨체스터 유나이티드,아스널,,,
LN,사무엘 에토,ST,108,카메룬,첼시,인테르,FC 바르셀로나,레알 마드리드,
LN,뤼트 반니스텔로이,ST,108,네덜란드,레알 마드리드,맨체스터 유나이티드,,,
LN,차비,CM,108,스페인,FC 바르셀로나,,,,
LN,안드리 셰우첸코,ST,108,우크라이나,첼시,AC 밀란,,,
LN,스티븐 제라드,CM,108,잉글랜드,리버풀,,,,
LN,호나우지뉴,LW,108,브라질,AC 밀란,FC 바르셀로나,파리 생제르맹,,
LN,디디에 드로그바,ST,108,코트디부아르,첼시,올랭피크 마르세유,,,
LN,라울,ST,108,스페인,레알 마드리드,,,,
LN,카카,CAM,108,브라질,AC 밀란,레알 마드리드,,,
LN,우고 산체스,ST,108,멕시코,레알 마드리드,아틀레티코 마드리드,,,
LN,프랑코 바레시,CB,108,이탈리아,AC 밀란,,,,
LN,에릭 칸토나,CF,108,프랑스,맨체스터 유나이티드,올랭피크 마르세유,,,
LN,로타어 마테우스,CM,108,독일,바이에른 뮌헨,인테르,,,
LN,마르코 반바스텐,ST,108,네덜란드,AC 밀란,아약스,,,
LN,조지 베스트,RW,108,북아일랜드,맨체스터 유나이티드,,,,
LN,에우제비우,CF,108,포르투갈,,,,,
LN,케니 달글리시,CF,108,스코틀랜드,리버풀,,,,
LN,이언 러시,ST,108,웨일스,리버풀,피에몬테 칼초,,,
LN,페렌츠 푸스카스,CF,108,헝가리,레알 마드리드,,,,
LN,폴 스콜스,CM,107,잉글랜드,맨체스터 유나이티드,,,,
LN,데이비드 베컴,RM,107,잉글랜드,파리 생제르맹,AC 밀란,레알 마드리드,맨체스터 유나이티드,
LN,호베르투 카를루스,LB,107,브라질,레알 마드리드,인테르,,,
LN,알레산드로 네스타,CB,107,이탈리아,AC 밀란,라티움,,,
LN,마르셀 드사이,CDM,107,프랑스,첼시,AC 밀란,올랭피크 마르세유,,
LN,클라렌스 세이도르프,CAM,107,네덜란드,AC 밀란,인테르,레알 마드리드,아약스,
LN,파트리크 비에이라,CM,107,프랑스,맨체스터 시티,인테르,피에몬테 칼초,아스널,AC 밀란
LN,클로드 마켈렐레,CDM,107,프랑스,파리 생제르맹,첼시,레알 마드리드,올랭피크 마르세유,
LN,미하엘 발락,CAM,107,독일,바이엘 04 레버쿠젠,첼시,바이에른 뮌헨,,
LN,카푸,RB,107,브라질,AC 밀란,로마 FC,,,
LN,카시야스,GK,107,스페인,레알 마드리드,,,,
LN,P.클라위베르트,ST,107,네덜란드,FC 바르셀로나,AC 밀란,아약스,,
LN,다비드 트레제게,ST,107,프랑스,피에몬테 칼초,AS 모나코,,,
LN,리오 퍼디난드,CB,107,잉글랜드,맨체스터 유나이티드,,,,
LN,베론,CM,107,아르헨티나,첼시,인테르,맨체스터 유나이티드,라티움,
LN,페르난도 토레스,ST,107,스페인,아틀레티코 마드리드,AC 밀란,첼시,리버풀,
LN,웨인 루니,ST,107,잉글랜드,맨체스터 유나이티드,,,,
LN,필립 람,RB,107,독일,바이에른 뮌헨,,,,
LN,네마냐 비디치,CB,107,세르비아,인테르,맨체스터 유나이티드,,,
LN,로날트 쿠만,CB,107,네덜란드,FC 바르셀로나,아약스,,,
LN,보비 무어,CB,107,잉글랜드,,,,,
LN,프랑크 레이카르트,CDM,107,네덜란드,아약스,AC 밀란,,,
LN,루드 굴리트,CF,107,네덜란드,첼시,AC 밀란,,,
LN,로이 킨,CM,106,아일랜드,맨체스터 유나이티드,,,,
LN,라이언 긱스,LM,106,웨일스,맨체스터 유나이티드,,,,
LN,하비에르 사네티,LB,106,아르헨티나,인테르,,,,
LN,필리포 인자기,ST,106,이탈리아,AC 밀란,피에몬테 칼초,,,
LN,로베르 피레스,LM,106,프랑스,비야레알 CF,아스널,올랭피크 마르세유,,
LN,에마뉘엘 프티,CDM,106,프랑스,첼시,FC 바르셀로나,아스널,AS 모나코,
LN,젠나로 가투소,CDM,106,이탈리아,AC 밀란,,,,
LN,마이클 오언,ST,106,잉글랜드,맨체스터 유나이티드,레알 마드리드,리버풀,,
LN,야프 스탐,CB,106,네덜란드,아약스,AC 밀란,라티움,맨체스터 유나이티드,
LN,카를레스 푸욜,CB,106,스페인,FC 바르셀로나,,,,
LN,애슐리 콜,LB,106,잉글랜드,로마 FC,첼시,아스널,,
LN,페트르 체흐,GK,106,체코,아스널,첼시,,,
LN,에드윈 반데르사르,GK,106,네덜란드,맨체스터 유나이티드,피에몬테 칼초,아약스,,
LN,데쿠,CAM,106,포르투갈,첼시,FC 바르셀로나,,,
LN,B.슈바인슈타이거,CM,106,독일,맨체스터 유나이티드,바이에른 뮌헨,,,
LN,페르난도 이에로,CB,106,스페인,레알 마드리드,,,,
LN,차범근,ST,106,대한민국,바이엘 04 레버쿠젠,,,,
LN,부트라게뇨,ST,106,스페인,레알 마드리드,,,,
LN,로랑 블랑,CB,106,프랑스,맨체스터 유나이티드,인테르,올랭피크 마르세유,FC 바르셀로나,
LN,이언 라이트,ST,106,잉글랜드,아스널,,,,
LN,D.밀리토,ST,106,아르헨티나,인테르,,,,
LN,조 콜,RW,105,잉글랜드,리버풀,첼시,,,
LN,제이미 캐러거,CB,105,잉글랜드,리버풀,,,,
LN,페르난도 모리엔테스,ST,105,스페인,올랭피크 마르세유,리버풀,레알 마드리드,AS 모나코,
LN,프레디 융베리,RM,105,스웨덴,아스널,,,,
LN,에르난 크레스포,ST,105,아르헨티나,인테르,첼시,AC 밀란,라티움,
LN,미로슬라프 클로제,ST,105,독일,라티움,바이에른 뮌헨,,,
LN,박지성,LM,105,대한민국,맨체스터 유나이티드,,,,
LN,마이클 에시앙,CDM,105,가나,AC 밀란,첼시,레알 마드리드,올랭피크 리옹,
LN,안드레아스 브레메,LWB,105,독일,인테르,바이에른 뮌헨,,,
LN,아베디 펠레,CAM,105,가나,올랭피크 리옹,올랭피크 마르세유,,,
LN,D.지놀라,CF,105,프랑스,토트넘 홋스퍼,파리 생제르맹,,,
LN,J.콜러,CB,105,독일,보루시아 도르트문트,피에몬테 칼초,바이에른 뮌헨,,
LN,테디 셰링엄,ST,104,잉글랜드,토트넘 홋스퍼,맨체스터 유나이티드,,,
LN,마리오 고메스,ST,103,독일,바이에른 뮌헨,,,,
LN,로비 파울러,ST,102,잉글랜드,리버풀,맨체스터 시티,,,
LN,잔프랑코 졸라,CF,102,이탈리아,첼시,나폴리,,,
FA,안드레아 피를로,CM,107,이탈리아,피에몬테 칼초,AC 밀란,인테르,,
FA,Z.이브라히모비치,ST,107,스웨덴,AC 밀란,맨체스터 유나이티드,파리 생제르맹,FC 바르셀로나,인테르
FA,R.레반도프스키,ST,107,폴란드,FC 바르셀로나,바이에른 뮌헨,보루시아 도르트문트,,
FA,솔 캠벨,CB,106,잉글랜드,아스널,토트넘 홋스퍼,,,
FA,미로슬라프 클로제,ST,106,독일,라티움,바이에른 뮌헨,,,
FA,제임스 밀너,RM,106,잉글랜드,리버풀,맨체스터 시티,,,
FA,요렌테,ST,106,스페인,나폴리,토트넘 홋스퍼,세비야 FC,피에몬테 칼초,
FA,헨릭 미키타리안,CAM,106,아르메니아,인테르,로마 FC,아스널,맨체스터 유나이티드,보루시아 도르트문트
FA,스테판 사비치,CB,106,몬테네그로,아틀레티코 마드리드,맨체스터 시티,,,
FA,미하엘 발락,CM,105,독일,바이엘 04 레버쿠젠,첼시,바이에른 뮌헨,,
FA,루이스 피구,RW,105,포르투갈,인테르,레알 마드리드,FC 바르셀로나,,
FA,카카,CAM,105,브라질,AC 밀란,레알 마드리드,,,
FA,네마냐 비디치,CB,105,세르비아,인테르,맨체스터 유나이티드,,,
FA,다니 아우베스,RB,105,브라질,FC 바르셀로나,파리 생제르맹,피에몬테 칼초,세비야 FC,
FA,리오넬 메시,RW,105,아르헨티나,파리 생제르맹,FC 바르셀로나,,,
FA,에베르 바네가,CM,105,아르헨티나,세비야 FC,인테르,아틀레티코 마드리드,,
FA,마리오 발로텔리,ST,105,이탈리아,올랭피크 마르세유,리버풀,AC 밀란,맨체스터 시티,인테르
FA,조엘 마티프,CB,105,카메룬,리버풀,,,,
FA,멤피스 데파이,CF,105,네덜란드,FC 바르셀로나,올랭피크 리옹,맨체스터 유나이티드,,
FA,하칸 찰하놀루,CM,105,터키,인테르,AC 밀란,바이엘 04 레버쿠젠,,
FA,조나탕 밤바,LM,105,프랑스,,,,,
FA,잔루이지 돈나룸마,GK,105,이탈리아,파리 생제르맹,AC 밀란,,,
FA,사뮈엘 에토,ST,104,카메룬,첼시,인테르,FC 바르셀로나,레알 마드리드,
FA,웨인 루니,CF,104,잉글랜드,맨체스터 유나이티드,,,,
FA,에딘손 카바니,ST,104,우루과이,맨체스터 유나이티드,파리 생제르맹,나폴리,,
FA,페드로,LW,104,스페인,라티움,로마 FC,첼시,FC 바르셀로나,
FA,카날레스,CAM,104,스페인,레알 마드리드,,,,
FA,폴 포그바,CM,104,프랑스,피에몬테 칼초,맨체스터 유나이티드,,,
FA,레온 고레츠카,CM,104,독일,바이에른 뮌헨,,,,
FA,루드 굴리트,CM,104,네덜란드,첼시,AC 밀란,,,
FA,레오 뒤부아,RB,104,프랑스,올랭피크 리옹,,,,
FA,제이-제이 오코차,CAM,103,나이지리아,파리 생제르맹,,,,
FA,크리스티안 비에리,ST,103,이탈리아,AC 밀란,인테르,라티움,아틀레티코 마드리드,피에몬테 칼초
FA,페르난도 토레스,ST,103,스페인,아틀레티코 마드리드,AC 밀란,첼시,리버풀,
FA,프랑크 리베리,LW,103,프랑스,바이에른 뮌헨,올랭피크 마르세유,,,
FA,다비드 실바,CAM,103,스페인,맨체스터 시티,,,,
FA,케빈-프린스 보아텡,CF,103,가나,FC 바르셀로나,AC 밀란,토트넘 홋스퍼,보루시아 도르트문트,
FA,E.추포-모팅,ST,103,카메룬,바이에른 뮌헨,파리 생제르맹,,,
FA,마메 디우프,ST,103,세네갈,맨체스터 유나이티드,,,,
FA,데이비드 알라바,CB,103,오스트리아,레알 마드리드,바이에른 뮌헨,,,
FA,스테판 더브레이,CB,103,네덜란드,인테르,라티움,,,
FA,세아드 콜라시나츠,LB,103,보스니아,올랭피크 마르세유,아스널,,,
FA,후이 실바,GK,103,포르투갈,,,,,
FA,주앙 마리우,CM,103,포르투갈,인테르,,,,
FA,프랭크 램파드,CAM,102,잉글랜드,맨체스터 시티,첼시,,,
FA,뤼트 반니스텔로이,ST,102,네덜란드,레알 마드리드,맨체스터 유나이티드,,,
FA,차비,CM,102,스페인,FC 바르셀로나,,,,
FA,스티븐 제라드,CM,102,잉글랜드,리버풀,,,,
FA,호나우지뉴,CAM,102,브라질,AC 밀란,FC 바르셀로나,파리 생제르맹,,
FA,디디에 드로그바,ST,102,코트디부아르,첼시,올랭피크 마르세유,,,
FA,B.슈바인슈타이거,CM,102,독일,맨체스터 유나이티드,바이에른 뮌헨,,,
FA,디에고 로페스,GK,102,스페인,AC 밀란,레알 마드리드,세비야 FC,비야레알 CF,
FA,팔카오,ST,102,콜롬비아,AS 모나코,첼시,맨체스터 유나이티드,아틀레티코 마드리드,
FA,얀 베르통언,CB,102,벨기에,토트넘 홋스퍼,아약스,,,
FA,케빈 가메이로,ST,102,프랑스,아틀레티코 마드리드,세비야 FC,파리 생제르맹,,
FA,막스 크루제,CF,102,독일,VfL 볼프스부르크,,,,
FA,알렉시스 산체스,CF,102,칠레,인테르,맨체스터 유나이티드,아스널,FC 바르셀로나,
FA,조슈아 킹,ST,102,노르웨이,맨체스터 유나이티드,,,,
FA,자코모 보나벤투라,CM,102,이탈리아,AC 밀란,,,,
FA,제바스티안 루디,CM,102,독일,바이에른 뮌헨,,,,
FA,마리오 괴체,CAM,102,독일,보루시아 도르트문트,바이에른 뮌헨,,,
FA,엠레 잔,CDM,102,독일,보루시아 도르트문트,피에몬테 칼초,리버풀,바이엘 04 레버쿠젠,바이에른 뮌헨
FA,R.보레,ST,102,콜롬비아,아틀레티코 마드리드,비야레알 CF,,,
FA,하파엘 레앙,ST,102,포르투갈,AC 밀란,,,,
FA,알레산드로 네스타,CB,101,이탈리아,AC 밀란,라티움,,,
FA,로빈 반페르시,ST,101,네덜란드,맨체스터 유나이티드,아스널,,,
FA,A.지냐크,ST,101,프랑스,올랭피크 마르세유,,,,
FA,엑토르 에레라,CM,101,멕시코,아틀레티코 마드리드,,,,
FA,게리 케이힐,CB,101,잉글랜드,첼시,,,,
FA,에리크 라멜라,RW,101,아르헨티나,세비야 FC,토트넘 홋스퍼,로마 FC,,
FA,미겔 벨로주,CDM,101,포르투갈,,,,,
FA,조르지뇨 베이날둠,CM,101,네덜란드,파리 생제르맹,리버풀,,,
FA,아르투로 비달,CM,101,칠레,인테르,FC 바르셀로나,바이에른 뮌헨,피에몬테 칼초,바이엘 04 레버쿠젠
FA,제롬 보아텡,CB,101,독일,올랭피크 리옹,바이에른 뮌헨,맨체스터 시티,,
FA,아론 램지,CM,101,웨일스,피에몬테 칼초,아스널,,,
FA,톰 클레벌리,CM,101,잉글랜드,맨체스터 유나이티드,레스터 시티,,,
FA,다니엘 디다비,CAM,101,독일,VfL 볼프스부르크,,,,
FA,토마 뫼니에,RB,101,벨기에,보루시아 도르트문트,파리 생제르맹,,,
FA,아드리앙 라비오,CM,101,프랑스,피에몬테 칼초,파리 생제르맹,,,
FA,에릭 가르시아,CB,101,스페인,FC 바르셀로나,맨체스터 시티,,,
FA,헤수스 나바스,RW,100,스페인,세비야 FC,맨체스터 시티,,,
FA,소피안 페굴리,RM,100,알제리,,,,,
FA,리로이 페르,CM,100,네덜란드,,,,,
FA,알렉스 테이세이라,CAM,100,브라질,,,,,
FA,루카시 흐라데키,GK,100,핀란드,바이엘 04 레버쿠젠,,,,
FA,안드로스 타운젠드,RM,100,잉글랜드,토트넘 홋스퍼,,,,
FA,제바스티안 로데,CM,100,독일,보루시아 도르트문트,바이에른 뮌헨,,,
FA,예우헨 코노플랸카,LW,100,우크라이나,세비야 FC,,,,
FA,엘세이드 휘사이,RB,100,알바니아,라티움,나폴리,,,
FA,산티 미나,ST,100,스페인,,,,,
FA,이재성,CAM,100,대한민국,,,,,
FA,브누아 코스틸,GK,99,프랑스,,,,,
FA,블레즈 마튀이디,CDM,99,프랑스,피에몬테 칼초,파리 생제르맹,,,
FA,기성용,CM,99,대한민국,,,,,
FA,빅터 완야마,CDM,99,케냐,토트넘 홋스퍼,,,,
FA,슈코드란 무스타피,CB,99,독일,아스널,,,,
FA,알베르토 모레노,LM,99,스페인,비야레알 CF,리버풀,세비야 FC,,
FA,라시드 게잘,RM,99,알제리,레스터 시티,AS 모나코,올랭피크 리옹,,
FA,이강인,CAM,99,대한민국,,,,,
FA,애덤 랄라나,CM,98,잉글랜드,리버풀,,,,
FA,밀란 바델,CM,98,크로아티아,라티움,,,,
FA,마르코스 로호,CB,98,아르헨티나,맨체스터 유나이티드,,,,
FA,패트릭 반안홀트,LB,97,네덜란드,첼시,레스터 시티,,,
FA,아이사 만디,CB,97,알제리,비야레알 CF,,,,
FA,케이타 발데,ST,96,세네갈,AS 모나코,인테르,라티움,,
FA,루이스 아브람,CB,96,페루,,,,,
LOL,Z.이브라히모비치,ST,107,스웨덴,AC 밀란,맨체스터 유나이티드,파리 생제르맹,FC 바르셀로나,인테르
LOL,에딘손 카바니,ST,107,우루과이,맨체스터 유나이티드,파리 생제르맹,나폴리,,
LOL,후안 콰드라도,RW,107,콜롬비아,피에몬테 칼초,첼시,,,
LOL,제프리 콘도그비아,CDM,107,중앙아프리카공화국,아틀레티코 마드리드,인테르,AS 모나코,세비야 FC,
LOL,두반 사파타,ST,107,콜롬비아,나폴리,,,,
LOL,킬리안 음바페,RW,107,프랑스,파리 생제르맹,AS 모나코,,,
LOL,아슈라프 하키미,RWB,107,모로코,파리 생제르맹,인테르,레알 마드리드,보루시아 도르트문트,
LOL,앙디 들로르,ST,106,알제리,,,,,
LOL,크리스토프 크라머,CDM,106,독일,바이엘 04 레버쿠젠,,,,
LOL,플로리앙 토뱅,RW,106,프랑스,올랭피크 마르세유,,,,
LOL,제시 린가드,CAM,106,잉글랜드,맨체스터 유나이티드,레스터 시티,,,
LOL,도메니코 베라르디,RW,106,이탈리아,피에몬테 칼초,,,,
LOL,데얀 쿨루세브스키,CAM,106,스웨덴,피에몬테 칼초,토트넘 홋스퍼,,,
LOL,보이치에흐 슈체스니,GK,105,폴란드,피에몬테 칼초,아스널,로마 FC,,
LOL,파코 알카세르,ST,105,스페인,비야레알 CF,보루시아 도르트문트,FC 바르셀로나,,
LOL,세르주 그나브리,RW,105,독일,바이에른 뮌헨,아스널,,,
LOL,모하메드 살라,RW,105,이집트,리버풀,로마 FC,첼시,,
LOL,크리스티안 로메로,CB,105,아르헨티나,토트넘 홋스퍼,피에몬테 칼초,,,
LOL,탕기 은돔벨레,CM,105,프랑스,토트넘 홋스퍼,올랭피크 리옹,,,
LOL,페데리코 키에사,RW,105,이탈리아,피에몬테 칼초,,,,
LOL,P.에스투피냔,LB,105,에콰도르,비야레알 CF,,,,
LOL,쿠티뉴,CAM,104,브라질,FC 바르셀로나,바이에른 뮌헨,리버풀,인테르,
LOL,티보 쿠르투아,GK,104,벨기에,레알 마드리드,첼시,아틀레티코 마드리드,,
LOL,라울 히메네스,ST,104,멕시코,아틀레티코 마드리드,,,,
LOL,데니스 체리셰프,LW,104,러시아,비야레알 CF,레알 마드리드,세비야 FC,,
LOL,B크리스탄테,CM,104,이탈리아,로마 FC,AC 밀란,,,
LOL,필리프 코스티치,LM,104,세르비아,,,,,
LOL,데 토마스,ST,104,스페인,레알 마드리드,,,,
LOL,킹슬레 코망,LW,104,프랑스,바이에른 뮌헨,피에몬테 칼초,파리 생제르맹,,
LOL,M.브로조비치,CM,104,크로아티아,인테르,,,,
LOL,마르틴 외데고르,CAM,104,노르웨이,아스널,레알 마드리드,,,
LOL,에네스 위날,ST,104,터키,비야레알 CF,맨체스터 시티,,,
LOL,곤살루 게드스,LW,104,포르투갈,파리 생제르맹,,,,
LOL,마르코스 요렌테,CM,104,스페인,아틀레티코 마드리드,레알 마드리드,,,
LOL,조바니 로셀소,CAM,104,아르헨티나,토트넘 홋스퍼,비야레알 CF,파리 생제르맹,,
LOL,마르코 그루이치,CM,104,세르비아,리버풀,,,,
LOL,대니얼 스터리지,ST,103,잉글랜드,리버풀,첼시,맨체스터 시티,,
LOL,이반 페리시치,LW,103,크로아티아,토트넘 홋스퍼,인테르,바이에른 뮌헨,VfL 볼프스부르크,보루시아 도르트문트
LOL,헤르만 페첼라,CB,103,아르헨티나,,,,,
LOL,L.스피나촐라,LWB,103,이탈리아,로마 FC,피에몬테 칼초,,,
LOL,미시 바추아이,ST,103,벨기에,첼시,보루시아 도르트문트,올랭피크 마르세유,,
LOL,유리 틸레만스,CM,103,벨기에,레스터 시티,AS 모나코,,,
LOL,마리우스 볼프,RM,103,독일,보루시아 도르트문트,,,,
LOL,롤란도 만드라고라,CDM,103,이탈리아,피에몬테 칼초,,,,
LOL,F.케시에,CDM,103,코트디부아르,FC 바르셀로나,AC 밀란,,,
LOL,라파 미르,ST,103,스페인,세비야 FC,,,,
LOL,테오 에르난데스,LB,103,프랑스,AC 밀란,레알 마드리드,아틀레티코 마드리드,,
LOL,딘 헨더슨,GK,103,잉글랜드,맨체스터 유나이티드,,,,
LOL,파트리크 시크,ST,103,체코,바이엘 04 레버쿠젠,로마 FC,RB 라이프치히,,
LOL,러즈반 마린,CM,103,루마니아,아약스,,,,
LOL,모이스 킨,ST,103,이탈리아,피에몬테 칼초,파리 생제르맹,,,
LOL,코너 갤러거,CAM,103,잉글랜드,첼시,,,,
LOL,쿠쿠렐랴,LB,103,스페인,FC 바르셀로나,,,,
LOL,레길론,LB,103,스페인,토트넘 홋스퍼,레알 마드리드,세비야 FC,,
LOL,주앙 칸셀루,RB,102,포르투갈,맨체스터 시티,피에몬테 칼초,인테르,,
LOL,R.갈리아르디니,CDM,102,이탈리아,인테르,,,,
LOL,안드레아 페타냐,ST,102,이탈리아,나폴리,AC 밀란,,,
LOL,마테오 폴리타노,RW,102,이탈리아,나폴리,인테르,로마 FC,,
LOL,안테 레비치,ST,102,크로아티아,AC 밀란,RB 라이프치히,,,
LOL,소피안 암라바트,CDM,102,모로코,,,,,
LOL,니콜로 바렐라,CM,102,이탈리아,인테르,,,,
LOL,샘 라메르스,ST,102,네덜란드,,,,,
LOL,토마시 소우체크,CDM,102,체코,,,,,
LOL,마테오 페시나,CM,102,이탈리아,AC 밀란,,,,
LOL,무사 바로,CF,102,감비아,,,,,
LOL,페드로 포로,RWB,102,스페인,맨체스터 시티,,,,
LOL,이바녜스,CB,102,브라질,로마 FC,,,,
LOL,마티아 칼다라,CB,101,이탈리아,AC 밀란,피에몬테 칼초,,,
LOL,다니 세바요스,CM,101,스페인,레알 마드리드,아스널,,,
LOL,도디 루케바키오,ST,101,벨기에,VfL 볼프스부르크,,,,
LOL,I.라두,GK,101,루마니아,인테르,,,,
LOL,아론 램지,LB,101,스페인,,,,,
LOL,메리 데미랄,CB,101,터키,피에몬테 칼초,,,,
LOL,브라이안 힐,LW,101,스페인,토트넘 홋스퍼,세비야 FC,,,
LOL,하피냐,CAM,100,브라질,파리 생제르맹,FC 바르셀로나,인테르,,
LOL,데니스 수아레스,LM,100,스페인,FC 바르셀로나,아스널,비야레알 CF,세비야 FC,맨체스터 시티
LOL,앙헬리뇨,LWB,100,스페인,RB 라이프치히,맨체스터 시티,,,
LOL,마리오 파샬리치,CM,100,크로아티아,첼시,AC 밀란,AS 모나코,,
LOL,에밀 아우데로,GK,100,이탈리아,피에몬테 칼초,,,,
LOL,브라힘,CAM,100,스페인,AC 밀란,레알 마드리드,맨체스터 시티,,
LOL,피카요 토모리,CB,100,잉글랜드,AC 밀란,첼시,,,
LOL,윌리암 살리바,CB,100,프랑스,아스널,올랭피크 마르세유,,,
LOL,A.칼리무엔도,ST,100,프랑스,파리 생제르맹,,,,
LOL,기성용,CM,99,대한민국,,,,,
LOL,대니 잉스,ST,99,잉글랜드,리버풀,,,,
LOL,윌프리드 자하,LW,99,코트디부아르,맨체스터 유나이티드,,,,
LOL,안드레 고메스,CM,99,포르투갈,FC 바르셀로나,,,,
LOL,알렉스 메레트,GK,99,이탈리아,나폴리,,,,
LOL,젤송 마르팅스,RM,99,포르투갈,AS 모나코,아틀레티코 마드리드,,,
LOL,구보 다케후사,RW,99,일본,레알 마드리드,비야레알 CF,,,
LOL,오스카르,CAM,99,스페인,세비야 FC,레알 마드리드,,,
LOL,아미르 라흐마니,CB,99,코소보,나폴리,,,,
LOL,로드리고,RW,98,스페인,,,,,
LOL,디보크 오리기,ST,98,벨기에,AC 밀란,리버풀,VfL 볼프스부르크,,
LOL,B.드롱고프스키,GK,98,폴란드,,,,,
LOL,파블로 마페오,RB,98,스페인,맨체스터 시티,,,,
LOL,G.스카마카,ST,98,이탈리아,,,,,
LOL,루카 요비치,ST,98,세르비아,레알 마드리드,,,,
LOL,K.마브로파노스,CB,98,그리스,아스널,,,,
LOL,루카 펠레그리니,LB,98,이탈리아,피에몬테 칼초,로마 FC,,,
LOL,메리노,CM,97,스페인,보루시아 도르트문트,,,,
LOL,마르코 로그,CM,97,크로아티아,나폴리,세비야 FC,,,
LOL,마르탱 테리에,CAM,97,프랑스,올랭피크 리옹,,,,
LOL,A.바스토니,CB,97,이탈리아,인테르,,,,
LOL,I.일리치,CM,97,세르비아,맨체스터 시티,,,,
LOL,케빈-프린스 보아텡,CAM,96,가나,FC 바르셀로나,AC 밀란,토트넘 홋스퍼,보루시아 도르트문트,
LOL,A.피나몬티,ST,96,이탈리아,인테르,,,,
BTB,지네딘 지단,CAM,106,프랑스,레알 마드리드,피에몬테 칼초,,,
BTB,히바우두,CAM,106,브라질,AC 밀란,FC 바르셀로나,,,
BTB,H.스토이치코프,LW,106,불가리아,FC 바르셀로나,,,,
BTB,프랭크 램파드,CM,106,잉글랜드,맨체스터 시티,첼시,,,
BTB,파벨 네드베드,LM,106,체코,피에몬테 칼초,라티움,,,
BTB,크리스티아누 호날두,RW,106,포르투갈,맨체스터 유나이티드,피에몬테 칼초,레알 마드리드,,
BTB,호나우지뉴,LW,106,브라질,AC 밀란,FC 바르셀로나,파리 생제르맹,,
BTB,세르히오 라모스,CB,106,스페인,파리 생제르맹,레알 마드리드,세비야 FC,,
BTB,리오넬 메시,RW,106,아르헨티나,파리 생제르맹,FC 바르셀로나,,,
BTB,카림 벤제마,ST,106,프랑스,레알 마드리드,올랭피크 리옹,,,
BTB,마르셀루,LB,106,브라질,레알 마드리드,,,,
BTB,루카 모드리치,CM,106,크로아티아,레알 마드리드,토트넘 홋스퍼,,,
BTB,토니 크로스,CM,106,독일,레알 마드리드,바이에른 뮌헨,바이엘 04 레버쿠젠,,
BTB,요한 크루이프,CF,106,네덜란드,아약스,FC 바르셀로나,,,
BTB,마르코 반바스텐,ST,106,네덜란드,AC 밀란,아약스,,,
BTB,케일러 나바스,GK,106,코스타리카,파리 생제르맹,레알 마드리드,,,
BTB,카제미루,CDM,106,브라질,레알 마드리드,,,,
BTB,에우제비우,CF,106,포르투갈,,,,,
BTB,이언 러시,ST,106,웨일스,리버풀,피에몬테 칼초,,,
BTB,라이언 긱스,LM,105,웨일스,맨체스터 유나이티드,,,,
BTB,게리 네빌,RB,105,잉글랜드,맨체스터 유나이티드,,,,
BTB,폴 스콜스,CM,105,잉글랜드,맨체스터 유나이티드,,,,
BTB,데이비드 베컴,RM,105,잉글랜드,파리 생제르맹,AC 밀란,레알 마드리드,맨체스터 유나이티드,
BTB,잔루이지 부폰,GK,105,이탈리아,피에몬테 칼초,파리 생제르맹,,,
BTB,클로드 마켈렐레,CDM,105,프랑스,파리 생제르맹,첼시,레알 마드리드,올랭피크 마르세유,
BTB,미하엘 발락,CAM,105,독일,바이엘 04 레버쿠젠,첼시,바이에른 뮌헨,,
BTB,리오 퍼디난드,CB,105,잉글랜드,맨체스터 유나이티드,,,,
BTB,안드레아 피를로,CM,105,이탈리아,피에몬테 칼초,AC 밀란,인테르,,
BTB,사뮈엘 에토,ST,105,카메룬,첼시,인테르,FC 바르셀로나,레알 마드리드,
BTB,차비,CM,105,스페인,FC 바르셀로나,,,,
BTB,페트르 체흐,GK,105,체코,아스널,첼시,,,
BTB,에드윈 반데르사르,GK,105,네덜란드,맨체스터 유나이티드,피에몬테 칼초,아약스,,
BTB,웨인 루니,ST,105,잉글랜드,맨체스터 유나이티드,,,,
BTB,B.슈바인슈타이거,CM,105,독일,맨체스터 유나이티드,바이에른 뮌헨,,,
BTB,페르난지뉴,CDM,105,브라질,맨체스터 시티,,,,
BTB,조르조 키엘리니,CB,105,이탈리아,피에몬테 칼초,,,,
BTB,네마냐 비디치,CB,105,세르비아,인테르,맨체스터 유나이티드,,,
BTB,세르히오 아구에로,ST,105,아르헨티나,FC 바르셀로나,맨체스터 시티,아틀레티코 마드리드,,
BTB,우고 산체스,ST,105,멕시코,레알 마드리드,아틀레티코 마드리드,,,
BTB,에릭 칸토나,CF,105,프랑스,맨체스터 유나이티드,올랭피크 마르세유,,,
BTB,마누엘 노이어,GK,105,독일,바이에른 뮌헨,,,,
BTB,다비드 실바,CAM,105,스페인,맨체스터 시티,,,,
BTB,가레스 베일,RW,105,웨일스,레알 마드리드,토트넘 홋스퍼,,,
BTB,루이스 수아레스,ST,105,우루과이,아틀레티코 마드리드,FC 바르셀로나,리버풀,아약스,
BTB,R.레반도프스키,ST,105,폴란드,FC 바르셀로나,바이에른 뮌헨,보루시아 도르트문트,,
BTB,토마스 뮐러,CF,105,독일,바이에른 뮌헨,,,,
BTB,페터 슈마이켈,GK,105,덴마크,맨체스터 시티,맨체스터 유나이티드,,,
BTB,네이마르 Jr.,LW,105,브라질,파리 생제르맹,FC 바르셀로나,,,
BTB,케빈 더브라위너,CAM,105,벨기에,맨체스터 시티,VfL 볼프스부르크,첼시,,
BTB,데이비드 알라바,CB,105,오스트리아,레알 마드리드,바이에른 뮌헨,,,
BTB,이스코,CAM,105,스페인,레알 마드리드,,,,
BTB,라파엘 바란,CB,105,프랑스,맨체스터 유나이티드,레알 마드리드,,,
BTB,라힘 스털링,LW,105,잉글랜드,첼시,맨체스터 시티,리버풀,,
BTB,카르바할,RB,105,스페인,레알 마드리드,바이엘 04 레버쿠젠,,,
BTB,에데르송,GK,105,브라질,맨체스터 시티,,,,
BTB,은골로 캉테,CDM,105,프랑스,첼시,레스터 시티,,,
BTB,리로이 자네,LW,105,독일,바이에른 뮌헨,맨체스터 시티,,,
BTB,케니 달글리시,CF,105,스코틀랜드,리버풀,,,,
BTB,페렌츠 푸스카스,ST,105,헝가리,레알 마드리드,,,,
BTB,조 콜,RW,104,잉글랜드,리버풀,첼시,,,
BTB,로이 킨,CDM,104,아일랜드,맨체스터 유나이티드,,,,
BTB,하비에르 사네티,LB,104,아르헨티나,인테르,,,,
BTB,A.델피에로,CF,104,이탈리아,피에몬테 칼초,,,,
BTB,파올로 말디니,LB,104,이탈리아,AC 밀란,,,,
BTB,파비오 칸나바로,CB,104,이탈리아,피에몬테 칼초,레알 마드리드,인테르,,
BTB,카시야스,GK,104,스페인,레알 마드리드,,,,
BTB,루이스 피구,RW,104,포르투갈,인테르,레알 마드리드,FC 바르셀로나,,
BTB,뤼트 반니스텔로이,ST,104,네덜란드,레알 마드리드,맨체스터 유나이티드,,,
BTB,라울,ST,104,스페인,레알 마드리드,,,,
BTB,마이클 에시앙,CDM,104,가나,AC 밀란,첼시,레알 마드리드,올랭피크 리옹,
BTB,데쿠,CM,104,포르투갈,첼시,FC 바르셀로나,,,
BTB,피케,CB,104,스페인,FC 바르셀로나,맨체스터 유나이티드,,,
BTB,티아구 실바,CB,104,브라질,첼시,파리 생제르맹,AC 밀란,,
BTB,프랑코 바레시,CB,104,이탈리아,AC 밀란,,,,
BTB,팔카오,ST,104,콜롬비아,AS 모나코,첼시,맨체스터 유나이티드,아틀레티코 마드리드,
BTB,곤살로 이과인,ST,104,아르헨티나,피에몬테 칼초,첼시,AC 밀란,나폴리,레알 마드리드
BTB,로날트 쿠만,CB,104,네덜란드,FC 바르셀로나,아약스,,,
BTB,이반 라키티치,CM,104,크로아티아,세비야 FC,FC 바르셀로나,,,
BTB,마츠 후멜스,CB,104,독일,보루시아 도르트문트,바이에른 뮌헨,,,
BTB,에딘손 카바니,ST,104,우루과이,맨체스터 유나이티드,파리 생제르맹,나폴리,,
BTB,미랄렘 피아니치,CM,104,보스니아,FC 바르셀로나,피에몬테 칼초,로마 FC,올랭피크 리옹,
BTB,아르투로 비달,CM,104,칠레,인테르,FC 바르셀로나,바이에른 뮌헨,피에몬테 칼초,바이엘 04 레버쿠젠
BTB,레오나르도 보누치,CB,104,이탈리아,피에몬테 칼초,AC 밀란,인테르,,
BTB,일카이 귄도안,CM,104,독일,맨체스터 시티,보루시아 도르트문트,,,
BTB,카일 워커,RB,104,잉글랜드,맨체스터 시티,토트넘 홋스퍼,,,
BTB,조르디 알바,LB,104,스페인,FC 바르셀로나,,,,
BTB,티아고,CM,104,스페인,리버풀,바이에른 뮌헨,FC 바르셀로나,,
BTB,세르지오 부스케츠,CDM,104,스페인,FC 바르셀로나,,,,
BTB,로타어 마테우스,CM,104,독일,바이에른 뮌헨,인테르,,,
BTB,M.테어슈테겐,GK,104,독일,FC 바르셀로나,,,,
BTB,폴 포그바,CM,104,프랑스,피에몬테 칼초,맨체스터 유나이티드,,,
BTB,마르코 베라티,CM,104,이탈리아,파리 생제르맹,,,,
BTB,나초 페르난데스,CB,104,스페인,레알 마드리드,,,,
BTB,마테오 코바치치,CM,104,크로아티아,첼시,레알 마드리드,인테르,,
BTB,루카스 바스케스,RW,104,스페인,레알 마드리드,,,,
BTB,파울로 디발라,CF,104,아르헨티나,로마 FC,피에몬테 칼초,,,
BTB,프랑크 레이카르트,CDM,104,네덜란드,아약스,AC 밀란,,,
BTB,베르나르두 실바,RW,104,포르투갈,맨체스터 시티,AS 모나코,,,
BTB,미카엘 라우드루프,CAM,104,덴마크,아약스,레알 마드리드,FC 바르셀로나,피에몬테 칼초,라티움
BTB,킬리안 음바페,ST,104,프랑스,파리 생제르맹,AS 모나코,,,
BTB,테디 셰링엄,ST,103,잉글랜드,토트넘 홋스퍼,맨체스터 유나이티드,,,
BTB,마르셀 드사이,CB,103,프랑스,첼시,AC 밀란,올랭피크 마르세유,,
BTB,올레 군나르 솔샤르,ST,103,노르웨이,맨체스터 유나이티드,,,,
BTB,야프 스탐,CB,103,네덜란드,아약스,AC 밀란,라티움,맨체스터 유나이티드,
BTB,다비드 트레제게,ST,103,프랑스,피에몬테 칼초,AS 모나코,,,
BTB,카를레스 푸욜,CB,103,스페인,FC 바르셀로나,,,,
BTB,디디에 드로그바,ST,103,코트디부아르,첼시,올랭피크 마르세유,,,
BTB,페페,CB,103,포르투갈,레알 마드리드,,,,
BTB,필립 람,RB,103,독일,바이에른 뮌헨,,,,
BTB,프랑크 리베리,LW,103,프랑스,바이에른 뮌헨,올랭피크 마르세유,,,
BTB,단테,CB,103,브라질,VfL 볼프스부르크,바이에른 뮌헨,,,
BTB,J.브와슈치코프스키,RW,103,폴란드,VfL 볼프스부르크,보루시아 도르트문트,,,
BTB,아베디 펠레,LW,103,가나,올랭피크 리옹,올랭피크 마르세유,,,
BTB,살바토레 시리구,GK,103,이탈리아,파리 생제르맹,세비야 FC,,,
BTB,블레즈 마튀이디,CM,103,프랑스,피에몬테 칼초,파리 생제르맹,,,
BTB,클라우디오 브라보,GK,103,칠레,맨체스터 시티,FC 바르셀로나,레알 마드리드,,
BTB,앙헬 디마리아,RW,103,아르헨티나,피에몬테 칼초,파리 생제르맹,맨체스터 유나이티드,레알 마드리드,
BTB,마르셀 슈멜처,LB,103,독일,보루시아 도르트문트,,,,
BTB,가가와 신지,CAM,103,일본,보루시아 도르트문트,맨체스터 유나이티드,,,
BTB,페드로,LW,103,스페인,라티움,로마 FC,첼시,FC 바르셀로나,
BTB,부트라게뇨,ST,103,스페인,레알 마드리드,,,,
BTB,니콜라스 오타멘디,CB,103,아르헨티나,맨체스터 시티,,,,
BTB,하메스 로드리게스,CAM,103,콜롬비아,레알 마드리드,바이에른 뮌헨,AS 모나코,,
BTB,세르주 그나브리,RW,103,독일,바이에른 뮌헨,아스널,,,
BTB,마르키뉴스,CB,103,브라질,파리 생제르맹,로마 FC,,,
BTB,레온 고레츠카,CM,103,독일,바이에른 뮌헨,,,,
BTB,요주아 키미히,RB,103,독일,바이에른 뮌헨,RB 라이프치히,,,
BTB,루드 굴리트,CF,103,네덜란드,첼시,AC 밀란,,,
BTB,슈테판 에펜베르크,CAM,103,독일,VfL 볼프스부르크,바이에른 뮌헨,,,
BTB,마르코 아센시오,LW,103,스페인,레알 마드리드,,,,
BTB,과르디올라,CDM,103,스페인,로마 FC,FC 바르셀로나,,,
BTB,L.릭켄,CF,102,독일,보루시아 도르트문트,,,,
BTB,티에리 앙리,LW,102,프랑스,아스널,FC 바르셀로나,피에몬테 칼초,AS 모나코,
BTB,잔루카 잠브로타,LB,102,이탈리아,AC 밀란,FC 바르셀로나,피에몬테 칼초,,
BTB,I.코르도바,CB,102,콜롬비아,인테르,,,,
BTB,박지성,LM,102,대한민국,맨체스터 유나이티드,,,,
BTB,나니,LW,102,포르투갈,라티움,맨체스터 유나이티드,,,
BTB,헤수스 나바스,RW,102,스페인,세비야 FC,맨체스터 시티,,,
BTB,마르코 마테라치,CB,102,이탈리아,인테르,,,,
BTB,보이치에흐 슈체스니,GK,102,폴란드,피에몬테 칼초,아스널,로마 FC,,
BTB,다니엘 카리수,CB,102,포르투갈,세비야 FC,,,,
BTB,알렉스 산드루,LB,102,브라질,피에몬테 칼초,,,,
BTB,마리오 괴체,CAM,102,독일,보루시아 도르트문트,바이에른 뮌헨,,,
BTB,세르지 로베르트,RB,102,스페인,FC 바르셀로나,,,,
BTB,루카스 모라,RW,102,브라질,토트넘 홋스퍼,파리 생제르맹,,,
BTB,모라타,ST,102,스페인,아틀레티코 마드리드,피에몬테 칼초,첼시,레알 마드리드,
BTB,율리안 드락슬러,CAM,102,독일,파리 생제르맹,VfL 볼프스부르크,,,
BTB,존 스톤스,CB,102,잉글랜드,맨체스터 시티,,,,
BTB,카를로스 바카,ST,102,콜롬비아,비야레알 CF,AC 밀란,세비야 FC,,
BTB,킹슬레 코망,LW,102,프랑스,바이에른 뮌헨,피에몬테 칼초,파리 생제르맹,,
BTB,뱅자맹 파바르,RB,102,프랑스,바이에른 뮌헨,,,,
BTB,로드리고 벤탕쿠르,CM,102,우루과이,토트넘 홋스퍼,피에몬테 칼초,,,
BTB,가브리엘 제주스,ST,102,브라질,아스널,맨체스터 시티,,,
BTB,알폰소 데이비스,LB,102,캐나다,바이에른 뮌헨,,,,
BTB,파트리크 비에이라,CDM,101,프랑스,맨체스터 시티,인테르,피에몬테 칼초,아스널,AC 밀란
BTB,야리 리트마넨,CF,101,핀란드,아약스,리버풀,FC 바르셀로나,,
BTB,에르난 크레스포,ST,101,인테르,첼시,AC 밀란,라티움,,
BTB,파비오 콸리아렐라,ST,101,이탈리아,피에몬테 칼초,나폴리,,,
BTB,스테판 음비아,CDM,101,카메룬,세비야 FC,올랭피크 마르세유,,,
BTB,코케,RB,101,스페인,세비야 FC,,,,
BTB,얀 베르통언,CB,101,벨기에,토트넘 홋스퍼,아약스,,,
BTB,케빈 가메이로,ST,101,프랑스,아틀레티코 마드리드,세비야 FC,파리 생제르맹,,
BTB,에베르 바네가,CM,101,아르헨티나,세비야 FC,인테르,아틀레티코 마드리드,,
BTB,안젤로 오그본나,CB,101,이탈리아,피에몬테 칼초,,,,
BTB,마리오 발로텔리,ST,101,이탈리아,올랭피크 마르세유,리버풀,AC 밀란,맨체스터 시티,인테르
BTB,후안 콰드라도,RB,101,콜롬비아,피에몬테 칼초,첼시,,,
BTB,제르단 샤키리,LW,101,스위스,올랭피크 리옹,리버풀,인테르,바이에른 뮌헨,
BTB,다닐루,RB,101,브라질,피에몬테 칼초,맨체스터 시티,레알 마드리드,,
BTB,디오구 피게이라스,RB,101,포르투갈,세비야 FC,,,,
BTB,사뮈엘 움티티,CB,101,프랑스,FC 바르셀로나,올랭피크 리옹,,,
BTB,세르히오 리코,GK,101,스페인,파리 생제르맹,세비야 FC,,,
BTB,아드리앙 라비오,CM,101,프랑스,피에몬테 칼초,파리 생제르맹,,,
BTB,니클라스 쥘레,CB,101,독일,보루시아 도르트문트,바이에른 뮌헨,,,
BTB,올렉산드르 진첸코,LB,101,우크라이나,아스널,맨체스터 시티,,,
BTB,넬송 세메두,RB,101,포르투갈,FC 바르셀로나,,,,
BTB,우스만 뎀벨레,RW,101,프랑스,FC 바르셀로나,보루시아 도르트문트,,,
BTB,클라렌스 세이도르프,CM,100,네덜란드,AC 밀란,인테르,레알 마드리드,아약스,
BTB,P.클라위베르트,ST,100,네덜란드,FC 바르셀로나,AC 밀란,아약스,,
BTB,M.오베르마르스,LW,100,네덜란드,FC 바르셀로나,아스널,아약스,,
BTB,비토르 바이아,GK,100,포르투갈,FC 바르셀로나,,,,
BTB,케너트 베르메이르,GK,100,네덜란드,아약스,,,,
BTB,안드레스 과르다도,CM,100,멕시코,바이엘 04 레버쿠젠,,,,
BTB,라세 쇠네,CM,100,덴마크,아약스,,,,
BTB,키코 카시야,GK,100,스페인,레알 마드리드,,,,
BTB,프랑크 더부르,CB,100,네덜란드,FC 바르셀로나,아약스,,,
BTB,L.바리오스,ST,100,파라과이,보루시아 도르트문트,,,,
BTB,페이비언 델프,LB,100,잉글랜드,맨체스터 시티,,,,
BTB,슈벤 울라이히,GK,100,독일,바이에른 뮌헨,,,,
BTB,쿠티뉴,CAM,100,브라질,FC 바르셀로나,바이에른 뮌헨,리버풀,인테르,
BTB,뤼크 더용,ST,100,네덜란드,세비야 FC,FC 바르셀로나,,,
BTB,티모테 콜로제자크,CB,100,프랑스,세비야 FC,올랭피크 리옹,,,
BTB,크리스티안 에릭센,CAM,100,덴마크,맨체스터 유나이티드,인테르,토트넘 홋스퍼,아약스,
BTB,예룬 주트,GK,100,네덜란드,,,,,
BTB,하비에르 파스토레,CM,100,아르헨티나,로마 FC,파리 생제르맹,,,
BTB,로베르토 페레이라,CAM,100,아르헨티나,피에몬테 칼초,,,,
BTB,비톨로,RW,100,스페인,아틀레티코 마드리드,세비야 FC,,,
BTB,토마 뫼니에,RB,100,벨기에,보루시아 도르트문트,파리 생제르맹,,,
BTB,후안 베르나트,LB,100,스페인,파리 생제르맹,바이에른 뮌헨,,,
BTB,마티아 데실리오,RB,100,이탈리아,피에몬테 칼초,올랭피크 리옹,AC 밀란,,
BTB,다니엘레 루가니,CB,100,이탈리아,피에몬테 칼초,,,,
BTB,파울루 푸트리,LW,100,포르투갈,아틀레티코 마드리드,AC 밀란,올랭피크 마르세유,,
BTB,뤼카 에르난데스,LB,100,프랑스,바이에른 뮌헨,아틀레티코 마드리드,,,
BTB,프레스넬 킴펨베,CB,100,프랑스,파리 생제르맹,,,,
BTB,심 더용,CAM,99,네덜란드,아약스,,,,
BTB,데일리 블린트,LB,99,네덜란드,아약스,맨체스터 유나이티드,,,
BTB,세르주 오리에,RB,99,코트디부아르,비야레알 CF,토트넘 홋스퍼,파리 생제르맹,,
BTB,레뱅 퀴르자와,LB,99,프랑스,파리 생제르맹,AS 모나코,,,
BTB,스테파노 스투라로,CM,99,이탈리아,피에몬테 칼초,,,,
BTB,F.베르나르데스키,RW,99,이탈리아,피에몬테 칼초,,,,
BTB,N.모이산데르,CB,98,핀란드,아약스,,,,
BTB,미랄렘 술레이마니,RW,98,세르비아,아약스,,,,
BTB,마르틴 카세레스,CB,98,우루과이,라티움,피에몬테 칼초,세비야 FC,FC 바르셀로나,비야레알 CF
BTB,다비데 산톤,LB,98,이탈리아,로마 FC,인테르,,,
BTB,알퐁스 아레올라,GK,98,프랑스,파리 생제르맹,레알 마드리드,비야레알 CF,,
BTB,바르트라,CB,98,스페인,보루시아 도르트문트,FC 바르셀로나,,,
BTB,제바스티안 로데,CM,98,독일,보루시아 도르트문트,바이에른 뮌헨,,,
BTB,하피냐,CM,98,브라질,파리 생제르맹,FC 바르셀로나,인테르,,
BTB,산티아고 아리아스,RB,98,콜롬비아,아틀레티코 마드리드,바이엘 04 레버쿠젠,,,
BTB,위르겐 로카디아,LW,98,네덜란드,,,,,
BTB,마리오 르미나,CDM,98,가봉,피에몬테 칼초,올랭피크 마르세유,,,
BTB,틸로 케러,CB,98,독일,파리 생제르맹,,,,
BTB,콰레스마,RW,97,포르투갈,인테르,첼시,FC 바르셀로나,,
BTB,마르코 마린,CAM,97,독일,첼시,세비야 FC,,,
BTB,E.추포-모팅,ST,97,카메룬,바이에른 뮌헨,파리 생제르맹,,,
BTB,에두아르도 살비오,RW,97,아르헨티나,아틀레티코 마드리드,,,,
BTB,루카 마로네,CB,97,이탈리아,피에몬테 칼초,,,,
BTB,아담 마헤르,CM,97,네덜란드,,,,,
BTB,뤼카 디뉴,LB,97,프랑스,FC 바르셀로나,파리 생제르맹,로마 FC,,
BTB,데이비 클라선,CAM,97,네덜란드,아약스,,,,
BTB,무니르,RW,97,모로코,세비야 FC,FC 바르셀로나,,,
BTB,페르난두,CDM,96,브라질,세비야 FC,맨체스터 시티,,,
BTB,안드레 알메이다,RB,96,포르투갈,,,,,
BTB,야스퍼르 실러선,GK,96,네덜란드,FC 바르셀로나,아약스,,,
BTB,N.보일레센,LB,96,덴마크,아약스,,,,
BTB,빅토르 피셔,LW,96,덴마크,아약스,,,,
BTB,조엘 벨트만,CB,96,네덜란드,아약스,,,,
BTB,조슈아 브레넛,LB,96,네덜란드,,,,,
BTB,안데르송 탈리스카,CAM,96,브라질,,,,,
BTB,C.은쿤쿠,CM,96,프랑스,RB 라이프치히,파리 생제르맹,,,
BTB,N.이시마트-미랑,CB,95,프랑스,AS 모나코,,,,
BTB,요디 루코키,RW,95,콩고 민주공화국,아약스,,,,
BTB,요릿 헨드릭스,CDM,95,네덜란드,,,,,
BTB,산드로,RW,95,스페인,세비야 FC,FC 바르셀로나,,,
BTB,곤살루 게드스,RW,95,포르투갈,파리 생제르맹,,,,
BTB,S.덴스빌,CB,94,네덜란드,아약스,,,,
BTB,그리말도,LB,94,스페인,,,,,
CAP,하비에르 사네티,RB,105,아르헨티나,인테르,,,,
CAP,A.델피에로,CF,105,이탈리아,피에몬테 칼초,,,,
CAP,파올로 말디니,CB,105,이탈리아,AC 밀란,,,,
CAP,잔루이지 부폰,GK,105,이탈리아,피에몬테 칼초,파리 생제르맹,,,
CAP,파비오 칸나바로,CB,105,이탈리아,피에몬테 칼초,레알 마드리드,인테르,나폴리,
CAP,지네딘 지단,LM,105,프랑스,레알 마드리드,피에몬테 칼초,,,
CAP,프랭크 램파드,CAM,105,잉글랜드,맨체스터 시티,첼시,,,
CAP,루이스 피구,RW,105,포르투갈,인테르,레알 마드리드,FC 바르셀로나,,
CAP,파벨 네드베드,CAM,105,체코,피에몬테 칼초,라티움,,,
CAP,리오 퍼디난드,CB,105,잉글랜드,맨체스터 유나이티드,,,,
CAP,차비,CM,105,스페인,FC 바르셀로나,,,,
CAP,카를레스 푸욜,CB,105,스페인,FC 바르셀로나,,,,
CAP,안드리 셰우첸코,ST,105,우크라이나,첼시,AC 밀란,,,
CAP,스티븐 제라드,CM,105,잉글랜드,리버풀,,,,
CAP,크리스티아누 호날두,ST,105,포르투갈,맨체스터 유나이티드,피에몬테 칼초,레알 마드리드,,
CAP,호나우지뉴,LW,105,브라질,AC 밀란,FC 바르셀로나,파리 생제르맹,,
CAP,디디에 드로그바,ST,105,코트디부아르,첼시,올랭피크 마르세유,,,
CAP,필립 람,RB,105,독일,바이에른 뮌헨,,,,
CAP,세르히오 라모스,CB,105,스페인,파리 생제르맹,레알 마드리드,세비야 FC,,
CAP,리오넬 메시,RW,105,아르헨티나,파리 생제르맹,FC 바르셀로나,,,
CAP,프랑코 바레시,CB,105,이탈리아,AC 밀란,,,,
CAP,마누엘 노이어,GK,105,독일,바이에른 뮌헨,,,,
CAP,로날트 쿠만,CB,105,네덜란드,FC 바르셀로나,아약스,,,
CAP,루이스 수아레스,RW,105,우루과이,아틀레티코 마드리드,FC 바르셀로나,리버풀,아약스,
CAP,에덴 아자르,LW,105,벨기에,레알 마드리드,첼시,,,
CAP,R.레반도프스키,ST,105,폴란드,FC 바르셀로나,바이에른 뮌헨,보루시아 도르트문트,,
CAP,펠레,ST,105,브라질,,,,,
CAP,요한 크루이프,CF,105,네덜란드,아약스,FC 바르셀로나,,,
CAP,페터 슈마이켈,GK,105,덴마크,맨체스터 시티,맨체스터 유나이티드,,,
CAP,네이마르 Jr.,LW,105,브라질,파리 생제르맹,FC 바르셀로나,,,
CAP,로타어 마테우스,CAM,105,독일,바이에른 뮌헨,인테르,,,
CAP,루드 굴리트,CF,105,네덜란드,첼시,AC 밀란,,,
CAP,로이 킨,CDM,104,아일랜드,맨체스터 유나이티드,,,,
CAP,데이비드 베컴,RM,104,잉글랜드,파리 생제르맹,AC 밀란,레알 마드리드,맨체스터 유나이티드,
CAP,알레산드로 네스타,CB,104,이탈리아,AC 밀란,라티움,,,
CAP,파트리크 비에이라,CDM,104,프랑스,맨체스터 시티,인테르,피에몬테 칼초,아스널,AC 밀란
CAP,미하엘 발락,CM,104,독일,바이엘 04 레버쿠젠,첼시,바이에른 뮌헨,,
CAP,카푸,RWB,104,브라질,AC 밀란,로마 FC,,,
CAP,비토르 바이아,GK,104,포르투갈,FC 바르셀로나,,,,
CAP,박지성,LM,104,대한민국,맨체스터 유나이티드,,,,
CAP,라울,ST,104,스페인,레알 마드리드,,,,
CAP,페트르 체흐,GK,104,체코,아스널,첼시,,,
CAP,조르조 키엘리니,CB,104,이탈리아,피에몬테 칼초,,,,
CAP,네마냐 비디치,CB,104,세르비아,인테르,맨체스터 유나이티드,,,
CAP,페르난도 이에로,CB,104,스페인,레알 마드리드,,,,
CAP,티아구 실바,CB,104,브라질,첼시,파리 생제르맹,AC 밀란,,
CAP,카를루스 아우베르투,RB,104,브라질,,,,,
CAP,에릭 칸토나,ST,104,프랑스,맨체스터 유나이티드,올랭피크 마르세유,,,
CAP,조던 헨더슨,CM,104,잉글랜드,리버풀,,,,
CAP,P.오바메양,LW,104,가봉,FC 바르셀로나,아스널,보루시아 도르트문트,AC 밀란,AS 모나코
CAP,보비 무어,CB,104,잉글랜드,,,,,
CAP,하메스 로드리게스,CAM,104,콜롬비아,레알 마드리드,바이에른 뮌헨,AS 모나코,,
CAP,브루누 페르난데스,CAM,104,포르투갈,맨체스터 유나이티드,,,,
CAP,에우제비우,ST,104,포르투갈,,,,,
CAP,후이 코스타,CAM,103,포르투갈,AC 밀란,,,,
CAP,마르셀 드사이,CB,103,프랑스,첼시,AC 밀란,올랭피크 마르세유,,
CAP,클로드 마켈렐레,CDM,103,프랑스,파리 생제르맹,첼시,레알 마드리드,올랭피크 마르세유,
CAP,데니스 베르캄프,CF,103,네덜란드,아스널,인테르,아약스,,
CAP,H.스토이치코프,LW,103,불가리아,FC 바르셀로나,,,,
CAP,야리 리트마넨,CAM,103,핀란드,아약스,리버풀,FC 바르셀로나,,
CAP,헨릭 라르손,ST,103,스웨덴,맨체스터 유나이티드,FC 바르셀로나,,,
CAP,팔카오,ST,103,콜롬비아,AS 모나코,첼시,맨체스터 유나이티드,아틀레티코 마드리드,
CAP,위고 요리스,GK,103,프랑스,토트넘 홋스퍼,올랭피크 리옹,,,
CAP,이반 라키티치,CAM,103,크로아티아,세비야 FC,FC 바르셀로나,,,
CAP,마레크 함시크,CAM,103,슬로바키아,나폴리,,,,
CAP,클라우디오 브라보,GK,103,칠레,맨체스터 시티,FC 바르셀로나,,,
CAP,조르지뇨 베이날둠,CAM,103,네덜란드,파리 생제르맹,리버풀,,,
CAP,디에고 고딘,CB,103,우루과이,인테르,아틀레티코 마드리드,비야레알 CF,,
CAP,아스필리쿠에타,CB,103,스페인,첼시,올랭피크 마르세유,,,
CAP,마르코 로이스,CAM,103,독일,보루시아 도르트문트,,,,
CAP,코케,CM,103,스페인,아틀레티코 마드리드,,,,
CAP,두샨 타디치,ST,103,세르비아,아약스,,,,
CAP,손흥민,LW,103,대한민국,토트넘 홋스퍼,바이엘 04 레버쿠젠,,,
CAP,슈테판 에펜베르크,CAM,103,독일,VfL 볼프스부르크,바이에른 뮌헨,,,
CAP,데이비드 시먼,GK,102,잉글랜드,맨체스터 시티,아스널,,,
CAP,에드윈 반데르사르,GK,102,네덜란드,맨체스터 유나이티드,피에몬테 칼초,아약스,,
CAP,홍명보,CB,102,대한민국,,,,,
CAP,헤수스 나바스,RB,102,스페인,세비야 FC,맨체스터 시티,,,
CAP,사미르 한다노비치,GK,102,인테르,라티움,,,,
CAP,안드레아스 브레메,CDM,102,독일,인테르,바이에른 뮌헨,,,
CAP,주제 폰테,CB,102,포르투갈,,,,,
CAP,얀 베르통언,CB,102,벨기에,토트넘 홋스퍼,아약스,,,
CAP,프랑크 더부르,LB,102,네덜란드,FC 바르셀로나,아약스,,,
CAP,뤼크 더용,ST,102,네덜란드,세비야 FC,FC 바르셀로나,,,
CAP,S.코아테스,CB,102,우루과이,리버풀,,,,
CAP,로렌초 인시녜,LW,102,이탈리아,나폴리,,,,
CAP,마르키뉴스,CB,102,브라질,파리 생제르맹,로마 FC,,,
CAP,오야르사발,LW,102,스페인,,,,,
CAP,마테이스 더리흐트,CB,102,네덜란드,바이에른 뮌헨,피에몬테 칼초,아약스,,
CAP,클라렌스 세이도르프,CM,101,네덜란드,AC 밀란,인테르,레알 마드리드,아약스,
CAP,미로슬라프 클로제,ST,101,독일,라티움,바이에른 뮌헨,,,
CAP,유상철,CM,101,대한민국,,,,,
CAP,카스퍼 슈마이켈,GK,101,덴마크,레스터 시티,맨체스터 시티,,,
CAP,게오르게 하지,CAM,101,루마니아,FC 바르셀로나,레알 마드리드,,,
CAP,안드레스 과르다도,CDM,101,멕시코,바이엘 04 레버쿠젠,,,,
CAP,마르카노,CB,101,스페인,로마 FC,비야레알 CF,,,
CAP,올라 토이보넨,CAM,101,스웨덴,,,,,
CAP,심 더용,CAM,101,아약스,,,,,
CAP,케빈 스트로트만,CDM,101,네덜란드,올랭피크 마르세유,로마 FC,,,
CAP,뱅상 아부바카르,ST,101,카메룬,,,,,
CAP,마르코 반힝켈,CM,101,네덜란드,첼시,AC 밀란,,,
CAP,게리 네빌,RB,100,잉글랜드,맨체스터 유나이티드,,,,
CAP,이운재,GK,100,대한민국,,,,,
CAP,페르난지뉴,CM,100,브라질,맨체스터 시티,,,,
CAP,아르다 투란,LW,100,터키,FC 바르셀로나,아틀레티코 마드리드,,,
CAP,라울 알비올,CB,100,스페인,비야레알 CF,나폴리,레알 마드리드,,
CAP,후이 파트리시우,GK,100,포르투갈,로마 FC,,,,
CAP,시몬 키에르,CB,100,덴마크,AC 밀란,세비야 FC,VfL 볼프스부르크,로마 FC,
CAP,셰이머스 콜먼,RB,100,아일랜드,,,,,
CAP,기성용,CM,100,대한민국,,,,,
CAP,파레호,CM,100,스페인,비야레알 CF,레알 마드리드,,,
CAP,브리안 라우드루프,RW,100,덴마크,아약스,첼시,AC 밀란,바이에른 뮌헨,
CAP,M.스테켈렌뷔르흐,GK,99,네덜란드,아약스,AS 모나코,로마 FC,,
CAP,호세 소사,CM,99,아르헨티나,AC 밀란,아틀레티코 마드리드,나폴리,바이에른 뮌헨,
CAP,K.엘아흐마디,CDM,99,모로코,,,,,
CAP,J.바움가르틀링어,CDM,99,오스트리아,바이엘 04 레버쿠젠,,,,
CAP,뱅자맹 앙드레,CM,99,프랑스,,,,,
CAP,토마스 링콘,CM,99,베네수엘라,피에몬테 칼초,,,,
CAP,가리 메델,CDM,99,칠레,인테르,세비야 FC,,,
CAP,다닐루 페레이라,CDM,99,포르투갈,파리 생제르맹,,,,
CAP,율리안 드락슬러,CM,99,독일,파리 생제르맹,VfL 볼프스부르크,,,
CAP,리야드 마레즈,RW,99,알제리,맨체스터 시티,레스터 시티,,,
CAP,아티바 허친슨,CM,98,캐나다,,,,,
CAP,스콧 브라운,CM,98,스코틀랜드,,,,,
CAP,S.데이비스,RM,98,북아일랜드,,,,,
CAP,코케,RB,98,스페인,세비야 FC,,,,
CAP,하세베 마코토,CDM,98,일본,VfL 볼프스부르크,,,,
CAP,마르셀 슈멜처,LB,98,독일,보루시아 도르트문트,,,,
CAP,브람 반 폴렌,RB,98,네덜란드,,,,,
CAP,파올로 골츠,CB,98,아르헨티나,,,,,
CAP,과르디올라,CDM,98,스페인,로마 FC,FC 바르셀로나,,,
CAP,라이언 긱스,CM,97,웨일스,맨체스터 유나이티드,,,,
CAP,김남일,CDM,97,대한민국,,,,,
CAP,N.모이산데르,CB,97,핀란드,아약스,,,,
CAP,닉 비르헤버르,CB,97,네덜란드,아약스,,,,
CAP,프란세르지우,CM,97,브라질,,,,,
CAP,히바우두,CAM,96,브라질,AC 밀란,FC 바르셀로나,,,
CAP,M.키프텐벨트,CDM,96,네덜란드,,,,,
CAP,블라드 키리케슈,CB,96,루마니아,나폴리,토트넘 홋스퍼,,,
CAP,N.탈리아피코,LB,96,아르헨티나,올랭피크 리옹,아약스,,,
CAP,최영일,CB,96,대한민국,,,,,
CAP,M.테크데미르,CDM,95,터키,,,,,
CAP,J.태버니어,RB,95,잉글랜드,,,,,
CAP,베론,CM,94,아르헨티나,첼시,인테르,맨체스터 유나이티드,라티움,
CAP,O.알론소,CDM,94,쿠바,,,,,
CAP,니콜라스 로데이로,CAM,94,우루과이,아약스,,,,
CAP,마이클 브래들리,CM,93,미국,로마 FC,,,,
CAP,펑샤오팅,CB,92,중국,,,,,
CAP,오스마르,CB,92,스페인,,,,,
CAP,조너선 멘사,CB,92,가나,,,,,
CAP,C.이스키에르도스,CB,92,아르헨티나,,,,,
CAP,에릭 구티에레스,CM,92,멕시코,,,,,
CAP,제이슨 커,CB,92,스코틀랜드,,,,,
CAP,신형민,CDM,91,대한민국,,,,,
CAP,도를란 파본,RW,91,콜롬비아,,,,,
CAP,그레임 시니,LB,91,스코틀랜드,,,,,
CAP,신진호,CAM,91,대한민국,,,,,
CAP,R.삼부에사,RW,90,아르헨티나,,,,,
CAP,살만 알파라지,CDM,90,사우디아라비아,,,,,
CAP,E.운사인,GK,90,아르헨티나,,,,,
CAP,C.오스만파샤,CB,90,터키,,,,,
CAP,T.흘라츠와요,CB,89,남아프리카공화국,,,,,
E21,크리스티아누 호날두,ST,104,포르투갈,맨체스터 유나이티드,피에몬테 칼초,레알 마드리드,,
E21,조르조 키엘리니,CB,104,이탈리아,피에몬테 칼초,,,,
E21,카림 벤제마,ST,104,프랑스,레알 마드리드,올랭피크 리옹,,,
E21,레오나르도 보누치,CB,104,이탈리아,피에몬테 칼초,AC 밀란,인테르,,
E21,로멜루 루카쿠,ST,104,벨기에,첼시,인테르,맨체스터 유나이티드,,
E21,해리 케인,ST,104,잉글랜드,토트넘 홋스퍼,레스터 시티,,,
E21,라힘 스털링,LW,104,잉글랜드,첼시,맨체스터 시티,리버풀,,
E21,L.스피나촐라,LB,104,이탈리아,로마 FC,피에몬테 칼초,,,
E21,조르지뉴,CDM,104,이탈리아,첼시,나폴리,,,
E21,에밀 포르스베리,LM,104,스웨덴,RB 라이프치히,,,,
E21,잔루이지 돈나룸마,GK,104,이탈리아,파리 생제르맹,AC 밀란,,,
E21,파트리크 시크,ST,104,체코,바이엘 04 레버쿠젠,로마 FC,RB 라이프치히,,
E21,페데리코 키에사,RW,104,이탈리아,피에몬테 칼초,,,,
E21,시몬 키에르,CB,103,덴마크,AC 밀란,세비야 FC,VfL 볼프스부르크,로마 FC,
E21,조르지뇨 베이날둠,CM,103,네덜란드,파리 생제르맹,리버풀,,,
E21,카일 워커,RB,103,잉글랜드,맨체스터 시티,토트넘 홋스퍼,,,
E21,케빈 더브라위너,CAM,103,벨기에,맨체스터 시티,VfL 볼프스부르크,첼시,,
E21,제르단 샤키리,CAM,103,스위스,올랭피크 리옹,리버풀,인테르,바이에른 뮌헨,
E21,안드리 야르몰렌코,RW,103,우크라이나,보루시아 도르트문트,,,,
E21,폴 포그바,CM,103,프랑스,피에몬테 칼초,맨체스터 유나이티드,,,
E21,마르코 베라티,CM,103,이탈리아,파리 생제르맹,,,,
E21,해리 매과이어,CB,103,잉글랜드,맨체스터 유나이티드,레스터 시티,,,
E21,조던 픽포드,GK,103,잉글랜드,,,,,
E21,루크 쇼,LB,103,잉글랜드,맨체스터 유나이티드,,,,
E21,에므리크 라포르트,CB,103,스페인,맨체스터 시티,,,,
E21,P.호이비에르,CDM,103,덴마크,토트넘 홋스퍼,바이에른 뮌헨,,,
E21,캘빈 필립스,CDM,103,잉글랜드,맨체스터 시티,,,,
E21,요아킴 멜레,LB,103,덴마크,,,,,
E21,미켈 담스고르,LW,103,덴마크,,,,,
E21,페드리,CM,103,스페인,FC 바르셀로나,,,,
E21,카스퍼 슈마이켈,GK,102,덴마크,레스터 시티,맨체스터 시티,,,
E21,가레스 베일,RW,102,웨일스,레알 마드리드,토트넘 홋스퍼,,,
E21,루카 모드리치,CM,102,크로아티아,레알 마드리드,토트넘 홋스퍼,,,
E21,마츠 후멜스,CB,102,독일,보루시아 도르트문트,바이에른 뮌헨,,,
E21,이반 페리시치,RW,102,크로아티아,토트넘 홋스퍼,인테르,바이에른 뮌헨,VfL 볼프스부르크,보루시아 도르트문트
E21,세르지오 부스케츠,CDM,102,스페인,FC 바르셀로나,,,,
E21,스티븐 추버,LB,102,스위스,,,,,
E21,하리스 세페로비치,ST,102,스위스,,,,,
E21,코케,CM,102,스페인,아틀레티코 마드리드,,,,
E21,데이비드 알라바,LB,102,오스트리아,레알 마드리드,바이에른 뮌헨,,,
E21,로렌초 인시녜,LW,102,이탈리아,나폴리,,,,
E21,그라니트 자카,CM,102,스위스,아스널,,,,
E21,모라타,ST,102,스페인,아틀레티코 마드리드,피에몬테 칼초,첼시,레알 마드리드,
E21,토마 뫼니에,RB,102,벨기에,보루시아 도르트문트,파리 생제르맹,,,
E21,멤피스 데파이,CF,102,네덜란드,FC 바르셀로나,올랭피크 리옹,맨체스터 유나이티드,,
E21,토르간 아자르,LM,102,벨기에,보루시아 도르트문트,첼시,,,
E21,존 스톤스,CB,102,잉글랜드,맨체스터 시티,,,,
E21,A.크리스텐센,CB,102,덴마크,FC 바르셀로나,첼시,,,
E21,조반니 디로렌초,RB,102,이탈리아,나폴리,,,,
E21,마누엘 로카텔리,CM,102,이탈리아,피에몬테 칼초,AC 밀란,,,
E21,니콜로 바렐라,CM,102,이탈리아,인테르,,,,
E21,올렉산드르 진첸코,CM,102,우크라이나,아스널,맨체스터 시티,,,
E21,카스퍼 돌베르,ST,102,덴마크,아약스,,,,
E21,페란 토레스,RW,102,스페인,FC 바르셀로나,맨체스터 시티,,,
E21,블라디미르 초우팔,RB,102,체코,,,,,
E21,토니 크로스,CM,101,독일,레알 마드리드,바이에른 뮌헨,바이엘 04 레버쿠젠,,
E21,조르디 알바,LB,101,스페인,FC 바르셀로나,,,,
E21,토마스 딜레이니,CDM,101,덴마크,세비야 FC,보루시아 도르트문트,,,
E21,파블로 사라비아,RW,101,스페인,파리 생제르맹,세비야 FC,,,
E21,도메니코 베라르디,RW,101,이탈리아,피에몬테 칼초,,,,
E21,브릴 엠볼로,ST,101,스위스,AS 모나코,,,,
E21,로빈 고젠스,LB,101,독일,인테르,,,,
E21,프렝키 더용,CM,101,네덜란드,FC 바르셀로나,아약스,,,
E21,마누엘 아칸지,CB,101,스위스,보루시아 도르트문트,,,,
E21,우나이 시몬,GK,101,스페인,,,,,
E21,메이슨 마운트,CAM,101,잉글랜드,첼시,,,,
E21,덴젤 둠프리스,RB,101,네덜란드,인테르,,,,
E21,데클런 라이스,CDM,101,잉글랜드,,,,,
E21,토마시 소우체크,CDM,101,체코,,,,,
E21,로만 야렘추크,ST,101,우크라이나,,,,,
E21,다니 올모,CAM,101,스페인,RB 라이프치히,,,,
E21,얀 베르통언,CB,100,벨기에,토트넘 홋스퍼,아약스,,,
E21,아스필리쿠에타,RB,100,스페인,첼시,올랭피크 마르세유,,,
E21,티보 쿠르투아,GK,100,벨기에,레알 마드리드,첼시,아틀레티코 마드리드,,
E21,치로 임모빌레,ST,100,이탈리아,라티움,세비야 FC,보루시아 도르트문트,피에몬테 칼초,
E21,앙투안 그리즈만,CAM,100,프랑스,FC 바르셀로나,아틀레티코 마드리드,,,
E21,F.아체르비,CB,100,이탈리아,라티움,AC 밀란,,,
E21,레모 프로일러,CM,100,스위스,,,,,
E21,야니크 베스터고르,CB,100,덴마크,레스터 시티,,,,
E21,잭 그릴리시,CAM,100,잉글랜드,맨체스터 시티,,,,
E21,은골로 캉테,CDM,100,프랑스,첼시,레스터 시티,,,
E21,니코 엘베디,CB,100,스위스,,,,,
E21,슈테판 라이너,RB,100,오스트리아,,,,,
E21,카이 하베르츠,CF,100,독일,첼시,바이엘 04 레버쿠젠,,,
E21,마테오 페시나,CM,100,이탈리아,AC 밀란,,,,
E21,파우 토레스,CB,100,스페인,비야레알 CF,,,,
E21,토마시 홀레시,CDM,100,체코,,,,,
E21,얀 조마,GK,99,스위스,,,,,
E21,에덴 아자르,LW,99,벨기에,레알 마드리드,첼시,,,
E21,M.아르나우토비치,ST,99,오스트리아,인테르,,,,
E21,키어런 트리피어,RB,99,잉글랜드,아틀레티코 마드리드,토트넘 홋스퍼,,,
E21,아론 램지,CAM,99,웨일스,피에몬테 칼초,아스널,,,
E21,M.브레스웨이트,RW,99,덴마크,FC 바르셀로나,,,,
E21,R..로드리게스,LB,99,스위스,AC 밀란,VfL 볼프스부르크,,,
E21,토마시 칼라스,CB,99,체코,첼시,,,,
E21,마르셀 자비처,CAM,99,오스트리아,바이에른 뮌헨,RB 라이프치히,,,
E21,유수프 포울센,ST,99,덴마크,RB 라이프치히,,,,
E21,대니 워드,GK,99,웨일스,레스터 시티,리버풀,,,
E21,에메르손,LB,99,이탈리아,첼시,올랭피크 리옹,로마 FC,,
E21,미콜라 마트비엔코,CB,99,우크라이나,,,,,
E21,부카요 사카,RW,99,잉글랜드,아스널,,,,
E21,I.자바르니,CB,99,우크라이나,,,,,
E21,조던 헨더슨,CM,98,잉글랜드,리버풀,,,,
E21,O.첼루스트카,CB,98,체코,,,,,
E21,데일리 블린트,CB,98,네덜란드,아약스,맨체스터 유나이티드,,,
E21,라파엘 바란,CB,98,프랑스,맨체스터 유나이티드,레알 마드리드,,,
E21,로빈 올센,GK,98,스웨덴,로마 FC,,,,
E21,제라르 모레노,ST,98,스페인,비야레알 CF,,,,
E21,하파엘 게헤이루,LB,98,포르투갈,보루시아 도르트문트,,,,
E21,요주아 키미히,RB,98,독일,바이에른 뮌헨,RB 라이프치히,,,
E21,빅토르 린델뢰프,CB,98,스웨덴,맨체스터 유나이티드,,,,
E21,대니얼 제임스,LW,98,웨일스,맨체스터 유나이티드,,,,
E21,알렉산데르 이사크,ST,98,스웨덴,보루시아 도르트문트,,,,
E21,O.카라바예우,RB,98,우크라이나,,,,,
E21,후벵 디아스,CB,98,포르투갈,맨체스터 시티,,,,
E21,세바스티안 라르손,RM,97,스웨덴,아스널,,,,
E21,위고 요리스,GK,97,프랑스,토트넘 홋스퍼,올랭피크 리옹,,,
E21,다니엘 바스,RB,97,덴마크,아틀레티코 마드리드,,,,
E21,하파엘 톨로이,CB,97,이탈리아,로마 FC,,,,
E21,마르틴 힌테레거,CB,97,오스트리아,,,,,
E21,토마시 바츨리크,GK,97,체코,세비야 FC,,,,
E21,마테오 코바치치,CM,97,크로아티아,첼시,레알 마드리드,인테르,,
E21,유리 틸레만스,CM,97,벨기에,레스터 시티,AS 모나코,,,
E21,디오구 조타,CAM,97,포르투갈,리버풀,아틀레티코 마드리드,,,
E21,마르코스 요렌테,CM,97,스페인,아틀레티코 마드리드,레알 마드리드,,,
E21,조 로던,CB,97,웨일스,토트넘 홋스퍼,,,,
E21,킬리안 음바페,LW,97,프랑스,파리 생제르맹,AS 모나코,,,
E21,크사버 슐라거,CM,97,오스트리아,RB 라이프치히,VfL 볼프스부르크,,,
E21,비탈리 미콜렌코,LB,97,우크라이나,,,,,
E21,M.스테켈렌뷔르흐,GK,96,네덜란드,아약스,AS 모나코,로마 FC,,
E21,페페,CB,96,포르투갈,레알 마드리드,,,,
E21,악셀 비첼,CM,96,벨기에,아틀레티코 마드리드,보루시아 도르트문트,,,
E21,후이 파트리시우,GK,96,포르투갈,로마 FC,,,,
E21,알빈 에크달,CM,96,스웨덴,피에몬테 칼초,,,,
E21,조 앨런,CM,96,웨일스,리버풀,,,,
E21,일카이 귄도안,CM,96,독일,맨체스터 시티,보루시아 도르트문트,,,
E21,J.라르센,RB,96,덴마크,,,,,
E21,스테판 더브레이,CB,96,네덜란드,인테르,라티움,,,
E21,도마고이 비다,CB,96,크로아티아,바이엘 04 레버쿠젠,,,,
E21,얀 보릴,LB,96,체코,,,,,
E21,마티아스 긴터,CB,96,독일,보루시아 도르트문트,,,,
E21,M.다니엘손,CB,96,스웨덴,,,,,
E21,다니엘 바흐만,GK,96,오스트리아,,,,,
E21,F.베르나르데스키,LW,96,이탈리아,피에몬테 칼초,,,,
E21,콘라트 라이머,CM,96,오스트리아,RB 라이프치히,,,,
E21,프레스넬 킴펨베,CB,96,프랑스,파리 생제르맹,,,,
E21,니콜라 블라시치,CAM,96,크로아티아,,,,,
E21,D.리바코비치,GK,96,크로아티아,,,,,
E21,C.바움가르트너,CAM,96,오스트리아,,,,,
E21,J.그바르디올,LB,96,크로아티아,RB 라이프치히,,,,
E21,미카엘 루스티그,RB,95,스웨덴,,,,,
E21,크리스토페르 올손,CM,95,스웨덴,아스널,,,,
E21,아드리앙 라비오,CM,95,프랑스,피에몬테 칼초,파리 생제르맹,,,
E21,L.아우구스틴손,LB,95,스웨덴,세비야 FC,,,,
E21,코너 로버츠,RB,95,웨일스,,,,,
E21,헤나투 산시스,CM,95,포르투갈,바이에른 뮌헨,,,,
E21,크리스 메팜,CB,95,웨일스,,,,,
E21,마테이스 더리흐트,CB,95,네덜란드,바이에른 뮌헨,피에몬테 칼초,아약스,,
E21,A.바스토니,CB,95,이탈리아,인테르,,,,
E21,루카시 마소푸스트,RM,95,체코,,,,,
E21,M.샤파렌코,CM,95,우크라이나,,,,,
E21,헤오르히 부시찬,GK,95,우크라이나,,,,,
E21,제레미 도쿠,RW,95,벨기에,,,,,
E21,데얀 쿨루세브스키,RM,95,스웨덴,피에몬테 칼초,토트넘 홋스퍼,,,
E21,마누엘 노이어,GK,94,독일,바이에른 뮌헨,,,,
E21,다닐루 페레이라,CDM,94,포르투갈,파리 생제르맹,,,,
E21,블라디미르 다리다,CAM,94,체코,,,,,
E21,벤 데이비스,CB,94,웨일스,토트넘 홋스퍼,,,,
E21,세르주 그나브리,CF,94,독일,바이에른 뮌헨,아스널,,,
E21,마르턴 더론,CM,94,네덜란드,,,,,
E21,A.크라마리치,CAM,94,크로아티아,레스터 시티,,,,
E21,베르나르두 실바,CAM,94,포르투갈,맨체스터 시티,AS 모나코,,,
E21,조 모렐,CDM,94,웨일스,,,,,
E21,세르히 시도르추크,CDM,94,우크라이나,,,,,
E21,바우트 베고르스트,ST,94,네덜란드,VfL 볼프스부르크,,,,
E21,뱅자맹 파바르,RB,94,프랑스,바이에른 뮌헨,,,,
E21,넬송 세메두,RB,94,포르투갈,FC 바르셀로나,,,,
E21,오야르사발,RW,94,스페인,,,,,
E21,도니얼 말런,ST,94,네덜란드,보루시아 도르트문트,,,,
E21,에릭 가르시아,CB,94,스페인,FC 바르셀로나,맨체스터 시티,,,
E21,미하엘 그레고리치,CM,93,오스트리아,,,,,
E21,안토니오 뤼디거,CB,93,독일,레알 마드리드,첼시,로마 FC,,
E21,타이론 밍스,CB,93,잉글랜드,,,,,
E21,실반 비드머,RB,93,스위스,,,,,
E21,키퍼 무어,ST,93,웨일스,,,,,
E21,야쿠프 얀크토,LM,93,체코,,,,,
E21,플로리안 그릴리치,CDM,93,오스트리아,,,,,
E21,로드리,CDM,93,스페인,맨체스터 시티,아틀레티코 마드리드,비야레알 CF,,
E21,R.말리노우스키,CM,93,우크라이나,,,,,
E21,안토닌 바라크,CAM,93,체코,,,,,
E21,필 포든,RW,93,잉글랜드,맨체스터 시티,,,,
E21,R.그라벤베르흐,CM,93,네덜란드,바이에른 뮌헨,아약스,,,
E21,페트르 셰브치크,RM,93,체코,,,,,
E21,패트릭 반안홀트,RB,92,네덜란드,첼시,레스터 시티,,,
E21,토마스 뮐러,CF,92,독일,바이에른 뮌헨,,,,
E21,데드릭 보야타,CB,92,벨기에,맨체스터 시티,,,,
E21,시메 브르살리코,RB,92,크로아티아,아틀레티코 마드리드,인테르,,,
E21,야니크 카라스코,LW,92,벨기에,아틀레티코 마드리드,AS 모나코,,,
E21,안드레아 벨로티,ST,92,이탈리아,,,,,
E21,레온 고레츠카,CM,92,독일,바이에른 뮌헨,,,,
E21,파비안 셰어,CB,92,스위스,,,,,
E21,케빈 음바부,RB,92,스위스,VfL 볼프스부르크,,,,
E21,브루누 페르난데스,CAM,92,포르투갈,맨체스터 유나이티드,,,,
E21,두예 찰레타-차르,CB,92,크로아티아,올랭피크 마르세유,,,,
E21,루벤 바르가스,LM,92,스위스,,,,,
E21,J.유라노비치,RB,92,크로아티아,,,,,
E21,주앙 무티뉴,CM,91,포르투갈,AS 모나코,,,,
E21,안드레아스 울머,LB,91,오스트리아,,,,,
E21,드리스 메르턴스,CAM,91,벨기에,나폴리,,,,
E21,M.가브라노비치,ST,91,스위스,,,,,
E21,A.플로렌치,RB,91,이탈리아,로마 FC,AC 밀란,파리 생제르맹,,
E21,미시 바추아이,ST,91,벨기에,첼시,보루시아 도르트문트,올랭피크 마르세유,,
E21,윌리앙 카르발류,CDM,91,포르투갈,,,,,
E21,B.크리스탄테,CM,91,이탈리아,로마 FC,AC 밀란,,,
E21,C.뇌르고르,CM,91,덴마크,,,,,
E21,레안더르 덴동커르,CM,91,벨기에,,,,,
E21,M.브로조비치,CDM,91,크로아티아,인테르,,,,
E21,안테 레비치,ST,91,크로아티아,AC 밀란,RB 라이프치히,,,
E21,제이슨 데나이어,CB,91,벨기에,올랭피크 리옹,맨체스터 시티,,,
E21,오르샤,LW,91,크로아티아,,,,,
E21,마티아스 옌센,CM,91,덴마크,,,,,
E21,리스 제임스,RB,91,잉글랜드,첼시,,,,
E21,J.팀버르,CB,91,네덜란드,아약스,,,,
E21,A.코르넬리우스,ST,90,덴마크,,,,,
E21,타라스 스테파넨코,CDM,90,우크라이나,,,,,
E21,브루노 페트코비치,ST,90,크로아티아,,,,,
E21,하파,RM,90,포르투갈,,,,,
E21,팔리냐,CDM,90,포르투갈,,,,,
E21,제이든 산초,RW,90,잉글랜드,맨체스터 유나이티드,보루시아 도르트문트,,,
E21,S.칼라이지치,ST,90,오스트리아,,,,,
E21,티아고,CM,89,스페인,리버풀,바이에른 뮌헨,FC 바르셀로나,,
E21,S.크리우초우,CB,89,우크라이나,,,,,
E21,뤼카 에르난데스,LB,89,프랑스,바이에른 뮌헨,아틀레티코 마드리드,,,
E21,데니스 자카리아,CDM,89,스위스,피에몬테 칼초,,,,
E21,마커스 래시포드,LW,89,잉글랜드,맨체스터 유나이티드,,,,
E21,V.치한코우,LW,89,우크라이나,,,,,
E21,알렉스 크랄,CDM,89,체코,,,,,
E21,마르쿠스 베리,ST,88,스웨덴,,,,,
E21,나세르 샤들리,LM,88,벨기에,AS 모나코,토트넘 홋스퍼,,,
E21,가야,LB,88,스페인,,,,,
E21,킹슬레 코망,LW,88,프랑스,바이에른 뮌헨,피에몬테 칼초,파리 생제르맹,,
E21,리로이 자네,RW,88,독일,바이에른 뮌헨,맨체스터 시티,,,
E21,요아힘 아네르센,CB,88,덴마크,올랭피크 리옹,,,,
E21,파비안,CDM,88,스페인,나폴리,,,,
E21,요시프 브레칼로,CAM,88,크로아티아,VfL 볼프스부르크,,,,
E21,네코 윌리엄스,LB,88,웨일스,리버풀,,,,
E21,J.벨링엄,CM,88,잉글랜드,보루시아 도르트문트,,,,
E21,크리스 건터,CB,87,웨일스,토트넘 홋스퍼,,,,
E21,뤼카 디뉴,LB,87,프랑스,FC 바르셀로나,파리 생제르맹,로마 FC,,
E21,파벨 카데라베크,LB,87,체코,,,,,
E21,로빈 콰이손,CAM,87,스웨덴,,,,,
E21,루이스 슈아우브,RM,87,오스트리아,,,,,
E21,알레산드로 쇠프,CM,87,오스트리아,바이에른 뮌헨,,,,
E21,디오구 달로,RB,87,포르투갈,맨체스터 유나이티드,AC 밀란,,,
E21,C.파스나히트,RM,87,스위스,,,,,
E21,Y.마카렌코,CDM,87,우크라이나,,,,,
E21,쥘 쿤데,CB,87,프랑스,세비야 FC,,,,
E21,G.라스파도리,ST,87,이탈리아,,,,,
E21,살바토레 시리구,GK,86,이탈리아,파리 생제르맹,세비야 FC,,,
E21,올리비에 지루,ST,86,프랑스,AC 밀란,첼시,아스널,,
E21,마를루스,LW,86,우크라이나,,,,,
E21,미하엘 크르멘치크,ST,86,체코,,,,,
E21,레안드로 트로사르,RM,86,벨기에,,,,,
E21,네이선 아케,CB,86,네덜란드,맨체스터 시티,첼시,,,
E21,아다마 트라오레,RW,86,스페인,FC 바르셀로나,,,,
E21,코랑탕 톨리소,CM,86,프랑스,올랭피크 리옹,바이에른 뮌헨,,,
E21,마리오 파샬리치,CM,86,크로아티아,첼시,AC 밀란,AS 모나코,,
E21,지브릴 소브,CM,86,스위스,,,,,
E21,A.올센,RW,86,덴마크,,,,,
E21,요나스 빈,ST,86,덴마크,VfL 볼프스부르크,,,,
E21,아담 흘로제크,LW,86,체코,바이엘 04 레버쿠젠,,,,
E21,T.페크하르트,ST,85,체코,,,,,
E21,안테 부디미르,ST,85,크로아티아,,,,,
E21,아드미르 메흐메디,CAM,85,스위스,VfL 볼프스부르크,바이엘 04 레버쿠젠,,,
E21,크리스티안 에릭센,CAM,85,덴마크,맨체스터 유나이티드,인테르,토트넘 홋스퍼,아약스,
E21,마테이 비드라,ST,85,체코,,,,,
E21,야쿱 브라베츠,CB,85,체코,,,,,
E21,에밀 크라프트,RB,85,스웨덴,,,,,
E21,퀸시 프로머스,CAM,85,네덜란드,아약스,세비야 FC,,,
E21,티모 베르너,ST,85,독일,첼시,RB 라이프치히,,,
E21,D.칼버트-르윈,ST,85,잉글랜드,,,,,
E21,티모시 카스타뉴,RB,85,벨기에,레스터 시티,,,,
E21,이선 암파두,CB,85,웨일스,첼시,RB 라이프치히,,,
E21,아르템 베세딘,ST,85,우크라이나,,,,,
E21,루카 이바누셰츠,CM,85,크로아티아,,,,,
E21,무사 시소코,CDM,84,프랑스,토트넘 홋스퍼,,,,
E21,뤼크 더용,ST,84,네덜란드,세비야 FC,FC 바르셀로나,,,
E21,슈테판 일잔커,CDM,84,오스트리아,RB 라이프치히,,,,
E21,스테번 베르하위스,RW,84,네덜란드,아약스,,,,
E21,엠레 잔,CM,84,독일,보루시아 도르트문트,피에몬테 칼초,리버풀,바이엘 04 레버쿠젠,바이에른 뮌헨
E21,데이비드 브룩스,RW,84,웨일스,,,,,
E21,클레망 랑글레,CB,84,프랑스,FC 바르셀로나,토트넘 홋스퍼,세비야 FC,,
E21,안드레 실바,ST,84,포르투갈,RB 라이프치히,AC 밀란,세비야 FC,,
E21,P.린하르트,CB,84,오스트리아,레알 마드리드,,,,
E21,우스만 뎀벨레,RW,84,프랑스,FC 바르셀로나,보루시아 도르트문트,,,
E21,오언 베인달,LB,84,네덜란드,아약스,,,,
E21,주앙 펠릭스,CF,84,포르투갈,아틀레티코 마드리드,,,,
E21,피에르 벵트슨,LB,83,스웨덴,,,,,
E21,세르지우 올리베이라,CM,83,포르투갈,로마 FC,,,,
E21,케빈 폴란트,CF,83,독일,AS 모나코,바이엘 04 레버쿠젠,,,
E21,M.할슈텐베르크,LB,83,독일,RB 라이프치히,,,,
E21,발렌티노 라자로,RM,83,오스트리아,인테르,,,,
E21,니클라스 쥘레,CB,83,독일,보루시아 도르트문트,바이에른 뮌헨,,,
E21,해리 윌슨,CAM,83,웨일스,리버풀,,,,
E21,후벵 네베스,CM,83,포르투갈,,,,,
E21,G.카스트로빌리,CM,83,이탈리아,,,,,
E21,보르나 바리시치,LB,83,크로아티아,,,,,
E21,코디 각포,CAM,83,네덜란드,,,,,
E21,N.보일레센,LB,82,덴마크,아약스,,,,
E21,필리프 헬란데르,CB,82,스웨덴,,,,,
E21,마르쿠스 튀람,LW,82,프랑스,,,,,
E21,타일러 로버츠,CM,82,웨일스,,,,,
E21,J.무시알라,CAM,82,독일,바이에른 뮌헨,,,,
E21,구스타브 스벤손,CM,81,스웨덴,,,,,
E21,크리스티앙 벤테케,ST,81,벨기에,리버풀,,,,
E21,크리스토퍼 트리멜,RB,81,오스트리아,,,,,
E21,로만 베주스,CAM,81,우크라이나,,,,,
E21,조엘 벨트만,CB,81,네덜란드,아약스,,,,
E21,토마 르마르,CAM,81,프랑스,아틀레티코 마드리드,AS 모나코,,,
E21,카림 오니지보,ST,81,오스트리아,,,,,
E21,J.카유스테,CM,81,스웨덴,,,,,
E21,J.바움가르틀링어,CDM,80,오스트리아,바이엘 04 레버쿠젠,,,,
E21,로리스 베니토,LB,80,스위스,,,,,
E21,한스 바나컨,CM,80,벨기에,,,,,
E21,에두아르드 소볼,LB,80,우크라이나,,,,,
E21,딜런 레빗,CM,80,웨일스,맨체스터 유나이티드,,,,
EBS,앨런 시어러,ST,105,잉글랜드,,,,,
EBS,마르셀 드사이,CB,105,프랑스,첼시,AC 밀란,올랭피크 마르세유,,
EBS,지네딘 지단,CAM,105,프랑스,레알 마드리드,피에몬테 칼초,,,
EBS,파트리크 비에이라,CDM,105,프랑스,맨체스터 시티,인테르,피에몬테 칼초,아스널,AC 밀란
EBS,티에리 앙리,ST,105,프랑스,아스널,FC 바르셀로나,피에몬테 칼초,AS 모나코,
EBS,P.클라위베르트,ST,105,네덜란드,FC 바르셀로나,AC 밀란,아약스,,
EBS,안드레아 피를로,CDM,105,이탈리아,피에몬테 칼초,AC 밀란,인테르,,
EBS,차비,CM,105,스페인,FC 바르셀로나,,,,
EBS,크리스티아누 호날두,ST,105,포르투갈,맨체스터 유나이티드,피에몬테 칼초,레알 마드리드,,
EBS,페르난도 토레스,ST,105,스페인,아틀레티코 마드리드,AC 밀란,첼시,리버풀,
EBS,페페,CB,105,포르투갈,레알 마드리드,,,,
EBS,세르히오 라모스,CB,105,스페인,파리 생제르맹,레알 마드리드,세비야 FC,,
EBS,페터 슈마이켈,GK,105,덴마크,맨체스터 시티,맨체스터 유나이티드,,,
EBS,마르코 반바스텐,ST,105,네덜란드,AC 밀란,아약스,,,
EBS,앙투안 그리즈만,RW,105,프랑스,FC 바르셀로나,아틀레티코 마드리드,,,
EBS,프랑크 레이카르트,CB,105,네덜란드,아약스,AC 밀란,,,
EBS,루드 굴리트,CF,105,네덜란드,첼시,AC 밀란,,,
EBS,알레산드로 네스타,CB,104,이탈리아,AC 밀란,라티움,,,
EBS,파올로 말디니,LB,104,이탈리아,AC 밀란,,,,
EBS,잔루이지 부폰,GK,104,이탈리아,피에몬테 칼초,파리 생제르맹,,,
EBS,파비오 칸나바로,CB,104,이탈리아,피에몬테 칼초,레알 마드리드,인테르,나폴리,
EBS,미하엘 발락,CAM,104,독일,바이엘 04 레버쿠젠,첼시,바이에른 뮌헨,,
EBS,데니스 베르캄프,CAM,104,네덜란드,아스널 ,인테르,아약스,,
EBS,프랭크 램파드,CM,104,잉글랜드,맨체스터 시티,첼시,,,
EBS,루이스 피구,RW,104,포르투갈,인테르,레알 마드리드,FC 바르셀로나,,
EBS,뤼트 반니스텔로이,ST,104,네덜란드,레알 마드리드,맨체스터 유나이티드,,,
EBS,카를레스 푸욜,CB,104,스페인,FC 바르셀로나,,,,
EBS,헨릭 라르손,ST,104,스웨덴,맨체스터 유나이티드,FC 바르셀로나,,,
EBS,필립 람,LB,104,독일,바이에른 뮌헨,,,,
EBS,나니,CF,104,포르투갈,라티움,맨체스터 유나이티드,,,
EBS,루카스 포돌스키,LW,104,독일,아스널,인테르,바이에른 뮌헨,,
EBS,세스크 파브레가스,CF,104,스페인,AS 모나코,첼시,FC 바르셀로나,아스널,
EBS,로날트 쿠만,CB,104,네덜란드,FC 바르셀로나,아약스,,,
EBS,다비드 실비,RW,104,스페인,맨체스터 시티,,,,
EBS,올리비에 지루,ST,104,프랑스,AC 밀란,첼시,아스널,,
EBS,토니 크로스,CDM,104,독일,레알 마드리드,바이에른 뮌헨,바이엘 04 레버쿠젠,,
EBS,아론 램지,CAM,104,웨일스,피에몬테 칼초,아스널,,,
EBS,다보르 슈케르,ST,104,크로아티아,아스널,레알 마드리드,세비야 FC,,
EBS,슈테판 에펜베르크,CDM,104,독일,VfL 볼프스부르크,바이에른 뮌헨,,,
EBS,로랑 블랑,CB,104,프랑스,맨체스터 유나이티드,인테르,올랭피크 마르세유,FC 바르셀로나,나폴리
EBS,후이 코스타,CAM,103,포르투갈,AC 밀란,,,,
EBS,파벨 네드베드,LM,103,체코,피에몬테 칼초,라티움,,,
EBS,미로슬라프 클로제,ST,103,독일,라티움,바이에른 뮌헨,,,
EBS,스티븐 제라드,CM,103,잉글랜드,리버풀,,,,
EBS,에드윈 반데르사르,GK,103,네덜란드,맨체스터 유나이티드,피에몬테 칼초,아약스,,
EBS,데쿠,CAM,103,포르투갈,첼시,FC 바르셀로나,,,
EBS,B.슈바인슈타이거,RM,103,독일,맨체스터 유나이티드,바이에른 뮌헨,,,
EBS,주앙 무니튜,CM,103,포르투갈,AS 모나코,,,,
EBS,가레스 베일,CF,103,웨일스,레알 마드리드,토트넘 홋스퍼,,,
EBS,메수트 외질,CAM,103,독일,아스널,레알 마드리드,,,
EBS,디미트리 파예트,LW,103,프랑스,올랭피크 마르세유,,,,
EBS,프랑크 더부르,CB,103,네덜란드,FC 바르셀로나,아약스,,,
EBS,후이 파트리시우,GK,103,포르투갈,로마 FC,,,,
EBS,에덴 아자르,LW,103,벨기에,레알 마드리드,첼시,,,
EBS,마리오 발로텔리,ST,103,이탈리아,올랭피크 마르세유,리버풀,AC 밀란,맨체스터 시티,인테르
EBS,조르디 알바,LB,103,스페인,FC 바르셀로나,,,,
EBS,세르지오 부스케츠,CDM,103,스페인,FC 바르셀로나,,,,
EBS,요한 크루이프,CAM,103,네덜란드,아약스,FC 바르셀로나,,,
EBS,케빈 더브라위너,CAM,103,벨기에,맨체스터 시티,VfL 볼프스부르크,첼시,,
EBS,폴 포그바,CM,103,프랑스,피에몬테 칼초,맨체스터 유나이티드,,,
EBS,하파엘 게헤이루,LB,103,포르투갈,보루시아 도르트문트,,,,
EBS,올리버 비어호프,ST,103,독일,AS 모나코,AC 밀란,,,
EBS,테디 셰링엄,ST,102,잉글랜드,토트넘 홋스퍼,맨체스터 유나이티드,,,
EBS,필리포 인자기,ST,102,이탈리아,AC 밀란,피에몬테 칼초,,,
EBS,클라렌스 세이도르프,CM,102,네덜란드,AC 밀란,인테르,레알 마드리드,아약스,
EBS,잔루카 잠브로타,RWB,102,이탈리아,AC 밀란,FC 바르셀로나,피에몬테 칼초,,
EBS,야프 스탐,CB,102,네덜란드,아약스,AC 밀란,라티움,맨체스터 유나이티드,
EBS,다비드 트레제게,ST,102,프랑스,피에몬테 칼초,AS 모나코,,,
EBS,피케,CB,102,스페인,FC 바르셀로나,맨체스터 유나이티드,,,
EBS,J.브와슈치코프스키,RW,102,폴란드,VfL 볼프스부르크,보루시아 도르트문트,,,
EBS,안드레아스 브레메,LM,102,독일,인테르,바이에른 뮌헨,,,
EBS,마누엘 노이어,GK,102,독일,바이에른 뮌헨,,,,
EBS,위고 요리스,GK,102,프랑스,토트넘 홋스퍼,올랭피크 리옹,,,
EBS,마츠 후멜스,CB,102,독일,보루시아 도르트문트,바이에른 뮌헨,,,
EBS,토마스 뮐러,RW,102,독일,바이에른 뮌헨,,,,
EBS,로타어 마테우스,CAM,102,독일,바이에른 뮌헨,인테르,,,
EBS,요주아 키미히,RB,102,독일,바이에른 뮌헨,RB 라이프치히,,,
EBS,브리안 라우드루프,CAM,102,덴마크,아약스,첼시,AC 밀란,바이에른 뮌헨,
EBS,데이비드 시먼,GK,101,잉글랜드,맨체스터 시티,아스널,,,
EBS,데이비드 베컴,RM,101,잉글랜드,파리 생제르맹,AC 밀란,레알 마드리드,맨체스터 유나이티드,
EBS,마이클 오언,ST,101,잉글랜드,맨체스터 유나이티드,레알 마드리드,리버풀,,
EBS,M.오베르마르스,RW,101,네덜란드,FC 바르셀로나,아스널,아약스,,
EBS,비토르 바이아,GK,101,포르투갈,FC 바르셀로나,,,,
EBS,라울,CF,101,스페인,레알 마드리드,,,,
EBS,이고리 아킨페예프,GK,101,러시아,,,,,
EBS,조 하트,GK,101,잉글랜드,토트넘 홋스퍼,맨체스터 시티,,,
EBS,로랑 코시엘니,CB,101,프랑스,아스널,,,,
EBS,블레즈 마튀이디,CM,101,프랑스,피에몬테 칼초,파리 생제르맹,,,
EBS,주제 폰테,CB,101,포르투갈,,,,,
EBS,라자 나잉골란,CM,101,벨기에,인테르,로마 FC,,,
EBS,K.시그소르손,ST,101,아이슬란드,아약스,,,,
EBS,조 앨런,CDM,101,웨일스,리버풀,,,,
EBS,보비 무어,CB,101,잉글랜드,,,,,
EBS,로멜루 루카쿠,ST,101,벨기에,첼시,인테르,맨체스터 유나이티드,,
EBS,세드리크,RB,101,포르투갈,아스널,인테르,,,
EBS,율리안 드락슬러,LW,101,독일,파리 생제르맹,VfL 볼프스부르크,,,
EBS,헤나투 산시스,CM,101,포르투갈,바이에른 뮌헨,,,,
EBS,폴 스콜스,LM,100,잉글랜드,맨체스터 유나이티드,,,,
EBS,솔 캠벨,CB,100,잉글랜드,아스널,토트넘 홋스퍼,,,
EBS,프레디 융베리,LM,100,스웨덴,아스널,,,,
EBS,애슐리 콜,LB,100,잉글랜드,로마 FC,첼시,아스널,,
EBS,페트르 체흐,GK,100,체코,아스널,첼시,,,
EBS,아르다 투란,LW,100,터키,FC 바르셀로나,아틀레티코 마드리드,,,
EBS,얀 베르통언,LB,100,벨기에,토트넘 홋스퍼,아약스,,,
EBS,루카 모드리치,CM,100,크로아티아,레알 마드리드,토트넘 홋스퍼,,,
EBS,악셀 비첼,CDM,100,벨기에,아틀레티코 마드리드,보루시아 도르트문트,,,
EBS,무사 시소코,RM,100,프랑스,토트넘 홋스퍼,,,,
EBS,레오나르도 보누치,CB,100,이탈리아,피에몬테 칼초,AC 밀란,인테르,,
EBS,길피 시구르드손,CM,100,아이슬란드,토트넘 홋스퍼,,,,
EBS,제임스 체스터,CB,100,웨일스,맨체스터 유나이티드,,,,
EBS,토마 뫼니에,RB,100,벨기에,보루시아 도르트문트,파리 생제르맹,,,
EBS,벤 데이비스,CB,100,웨일스,토트넘 홋스퍼,,,,
EBS,레프 야신,GK,100,러시아,,,,,
EBS,A.델피에로,CF,99,이탈리아,피에몬테 칼초,,,,
EBS,로베르 피레스,LM,99,프랑스,비야레알 CF,아스널,올랭피크 마르세유,,
EBS,콰레스마,RW,99,포르투갈,인테르,첼시,FC 바르셀로나,,
EBS,우카시 파비안스키,GK,99,폴란드,아스널,,,,
EBS,웨인 헤네시,GK,99,웨일스,,,,,
EBS,아딜 라미,CB,99,프랑스,올랭피크 마르세유,세비야 FC,AC 밀란,,
EBS,G.크리호비아크,CDM,99,폴란드,파리 생제르맹,세비야 FC,,,
EBS,윌리앙 카르발류,CDM,99,포르투갈,,,,,
EBS,요나스 헥토어,LB,99,독일,,,,,
EBS,게리 네빌,RB,98,잉글랜드,맨체스터 유나이티드,,,,
EBS,파울레타,ST,98,포르투갈,파리 생제르맹,,,,
EBS,메흐메트 토팔,CDM,98,터키,,,,,
EBS,카림 벤제마,ST,98,프랑스,레알 마드리드,올랭피크 리옹,,,
EBS,프랑코 바레시,CB,98,이탈리아,AC 밀란,,,,
EBS,A.옝제이치크,LB,98,폴란드,,,,,
EBS,카밀 글리크,CB,98,폴란드,AS 모나코,,,,
EBS,사뮈엘 움티티,CB,98,프랑스,FC 바르셀로나,올랭피크 리옹,,,
EBS,안드레 고메스,LM,98,포르투갈,FC 바르셀로나,,,,
EBS,킹슬레 코망,RW,98,프랑스,바이에른 뮌헨,피에몬테 칼초,파리 생제르맹,,
EBS,은골로 캉테,CDM,98,프랑스,첼시,레스터 시티,,,
EBS,미하우 파즈단,CB,97,폴란드,,,,,
EBS,대니 웰벡,ST,97,잉글랜드,아스널,맨체스터 유나이티드,,,
EBS,R.레반도프스키,ST,97,폴란드,FC 바르셀로나,바이에른 뮌헨,보루시아 도르트문트,,
EBS,티보 쿠르투아,GK,97,벨기에,레알 마드리드,첼시,아틀레티코 마드리드,,
EBS,A.밀리크,CF,97,폴란드,나폴리,올랭피크 마르세유,아약스,바이엘 04 레버쿠젠,
EBS,에마뉘엘 프티,CDM,96,프랑스,첼시,FC 바르셀로나,아스널,AS 모나코,
EBS,크리스 건터,RB,96,웨일스,토트넘 홋스퍼,,,,
EBS,마티아 데실리오,LWB,96,이탈리아,피에몬테 칼초,올랭피크 리옹,AC 밀란,,
EBS,주앙 마리우,RM,96,포르투갈,인테르,,,,
EBS,과르디올라,CDM,96,스페인,로마 FC,FC 바르셀로나,,,
EBS,가엘 클리시,LB,95,프랑스,맨체스터 시티,아스널,,,
EBS,페르난도 이에로,CB,95,스페인,레알 마드리드,,,,
EBS,아드리엥 실바,CM,95,포르투갈,레스터 시티,AS 모나코,,,
EBS,마르코 로이스,RW,95,독일,보루시아 도르트문트,,,,
EBS,J.뵈드바르손,ST,95,아이슬란드,,,,,
EBS,클로드 마켈렐레,CDM,94,프랑스,파리 생제르맹,첼시,레알 마드리드,올랭피크 마르세유,
EBS,애슐리 영,LM,94,잉글랜드,인테르,맨체스터 유나이티드,,,
EBS,미겔 벨로주,CDM,94,포르투갈,,,,,
EBS,샘 보크스,ST,94,웨일스,,,,,
EBS,홀거 바트슈투버,CB,94,독일,바이에른 뮌헨,,,,
EBS,다닐루 페레이라,CDM,94,포르투갈,파리 생제르맹,,,,
EBS,미카엘 라우드루프,CF,94,덴마크,아약스,레알 마드리드,FC 바르셀로나,피에몬테 칼초,라티움
EBS,이반 라키티치,LM,93,크로아티아,세비야 FC,FC 바르셀로나,,,
EBS,A.플로렌치,RWB,93,이탈리아,로마 FC,AC 밀란,파리 생제르맹,,
EBS,안토니오 칸드레바,RW,92,이탈리아,인테르,라티움,피에몬테 칼초,,
EBS,J.그뷔드뮌손,RW,92,아이슬란드,,,,,
EBS,게오르게 하지,CAM,91,루마니아,FC 바르셀로나,레알 마드리드,,,
EBS,마루안 펠라이니,CAM,91,벨기에,맨체스터 유나이티드,,,,
EBS,아리 스쿨라손,LB,91,아이슬란드,,,,,
EBS,G.자벨라스,LB,91,그리스,AS 모나코,,,,
EBS,제임스 밀너,RM,90,잉글랜드,리버풀,맨체스터 시티,,,
EBS,헤수스 나바스,RW,90,스페인,세비야 FC,맨체스터 시티,,,
EBS,A.지냐크,ST,90,프랑스,올랭피크 마르세유,,,,
EBS,K.몽친스키,CM,90,폴란드,,,,,
EBS,야니크 카라스코,RW,90,벨기에,아틀레티코 마드리드,AS 모나코,,,
EBS,드리스 메르턴스,LW,89,벨기에,나폴리,,,,
EBS,스테파노 스투라로,CM,89,이탈리아,피에몬테 칼초,,,,
EBS,시오 월콧,RW,88,잉글랜드,아스널,,,,
EBS,얀 음빌라,CDM,88,프랑스,인테르,,,,
EBS,마리오 괴체,ST,88,독일,보루시아 도르트문트,바이에른 뮌헨,,,
EBS,젠나로 가투소,CM,87,이탈리아,AC 밀란,,,,
EBS,페드로,RW,87,스페인,라티움,로마 FC,첼시,FC 바르셀로나,
EBS,라울 알비올,CB,86,스페인,비야레알 CF,나폴리,레알 마드리드,,
EBS,A.디아만티,CF,86,이탈리아,,,,,
EBS,소크라티스,CB,86,그리스,아스널,보루시아 도르트문트,AC 밀란,,
EBS,후안 마타,LW,86,스페인,맨체스터 유나이티드,첼시,,,
EBS,제이슨 데나이어,CB,86,벨기에,올랭피크 리옹,맨체스터 시티,,,
EBS,M.스테켈렌뷔르흐,GK,85,네덜란드,아약스,AS 모나코,로마 FC,,
EBS,페페 레이나,GK,85,스페인,FC 바르셀로나,AC 밀란,나폴리,바이에른 뮌헨,리버풀
EBS,살바토레 시리구,GK,85,이탈리아,파리 생제르맹,세비야 FC,,,
EBS,안젤로 오그본나,CB,85,이탈리아,피에몬테 칼초,,,,
EBS,마테오 다르미안,RWB,85,이탈리아,인테르,맨체스터 유나이티드,AC 밀란,,
EBS,앤디 킹,LM,85,웨일스,레스터 시티,,,,
EBS,네그레도,ST,84,스페인,맨체스터 시티,세비야 FC,레알 마드리드,,
EBS,넬송 올리베이라,ST,84,포르투갈,,,,,
EBS,시모네 차차,ST,84,이탈리아,피에몬테 칼초,,,,
EBS,M.에르딘츠,CF,83,터키,파리 생제르맹,,,,
EBS,조던 헨더슨,CM,83,잉글랜드,리버풀,,,,
EBS,치로 임모빌레,ST,83,이탈리아,라티움,세비야 FC,보루시아 도르트문트,피에몬테 칼초,
EBS,A.옥스-체임벌린,CF,83,잉글랜드,리버풀,아스널,,,
EBS,K.포르투니스,LW,83,그리스,,,,,
EBS,대니 워드,GK,83,웨일스,레스터 시티,리버풀,,,
EBS,무사 뎀벨레,CM,82,벨기에,토트넘 홋스퍼,,,,
EBS,마르코 마테라치,CB,82,이탈리아,인테르,,,,
EBS,세바스티안 조빈코,ST,82,이탈리아,피에몬테 칼초,,,,
EBS,보이치에흐 슈체스니,GK,82,폴란드,피에몬테 칼초,아스널,로마 FC,,
EBS,로렌초 인시녜,CF,82,이탈리아,나폴리,,,,
EBS,블라디미르 다리다,CAM,82,체코,,,,,
EBS,엠레 잔,CM,82,독일,보루시아 도르트문트,피에몬테 칼초,리버풀,바이엘 04 레버쿠젠,바이에른 뮌헨
EBS,P.지엘린스키,RM,82,폴란드,나폴리,,,,
EBS,S.잉가손,CB,82,아이슬란드,,,,,
EBS,A.파파도풀로스,CB,81,그리스,,,,,
EBS,크리스티앙 벤테케,ST,81,벨기에,리버풀,,,,
EBS,T.페크하르트,ST,81,체코,토트넘 홋스퍼,,,,
EBS,알프레드 핀보가손,ST,81,아이슬란드,,,,,
EBS,앙토니 마시알,LW,81,프랑스,맨체스터 유나이티드,세비야 FC,AS 모나코,올랭피크 리옹,
EBS,F.베르나르데스키,RM,81,이탈리아,피에몬테 칼초,,,,
EBS,로비 파울러,ST,80,잉글랜드,리버풀,맨체스터 시티,,,
EBS,스테판 엘샤라위,LW,80,이탈리아,로마 FC,AC 밀란,AS 모나코,,
EBS,미시 바추아이,ST,80,벨기에,첼시,보루시아 도르트문트,올랭피크 마르세유,,
EBS,A.트뢰이스타손,ST,80,아이슬란드,,,,,
EBS,저메인 데포,ST,79,잉글랜드,토트넘 홋스퍼,,,,
EBS,조르당 루카쿠,LB,79,벨기에,라티움,,,,
EBS,F.스타진스키,CAM,79,폴란드,,,,,
EBS,디보크 오리기,ST,79,벨기에,AC 밀란,리버풀,VfL 볼프스부르크,,
EBS,하파,LW,79,포르투갈,,,,,
EBS,리로이 자네,RW,79,독일,바이에른 뮌헨,맨체스터 시티,,,
21NG,비니시우스 주니어,LW,100,브라질,레알 마드리드,,,,
21NG,페드루 곤살베스,CF,100,포르투갈,,,,,
21NG,두샨 블라호비치,ST,100,세르비아,피에몬테 칼초,,,,
21NG,J.벨링엄,CM,100,잉글랜드,보루시아 도르트문트,,,,
21NG,안토니,RW,100,브라질,아약스,,,,
21NG,F.비르츠,CAM,100,독일,바이엘 04 레버쿠젠,,,,
21NG,마르틴 외데고르,CAM,99,노르웨이,아스널,레알 마드리드,,,
21NG,코너 갤러거,CAM,99,잉글랜드,첼시,,,,
21NG,E.스미스 로,CAM,99,잉글랜드,아스널,RB 라이프치히,,,
21NG,아민 구이리,LW,99,프랑스,올랭피크 리옹,,,,
21NG,이바녜스,CB,99,브라질,로마 FC,피에몬테 칼초,,,
21NG,J.무시알라,CAM,99,독일,바이에른 뮌헨,,,,
21NG,에런 램즈데일,GK,98,잉글랜드,아스널,,,,
21NG,우셈 아우아르,CM,98,프랑스,올랭피크 리옹,,,,
21NG,도글라스 루이스,CDM,98,브라질,맨체스터 시티,,,,
21NG,L.마르티네스,CB,98,아르헨티나,맨체스터 유나이티드,아약스,,,
21NG,A.추아메니,CDM,98,프랑스,레알 마드리드,AS 모나코,,,
21NG,보르나 소사,LB,98,크로아티아,,,,,
21NG,스벤 보트만,CB,98,네덜란드,아약스,,,,
21NG,카림 아데예미,ST,98,독일,보루시아 도르트문트,,,,
21NG,다르윈 누녜스,ST,98,우루과이,리버풀,,,,
21NG,루카스 은메차,CF,97,독일,VfL 볼프스부르크,맨체스터 시티,,,
21NG,O.에두아르,ST,97,프랑스,파리 생제르맹,,,,
21NG,메리 데미랄,CB,97,터키,피에몬테 칼초,,,,
21NG,퇸 코프메이너르스,CDM,97,네덜란드,,,,,
21NG,코디 각포,LW,97,네덜란드,,,,,
21NG,M.라크루아,CB,97,프랑스,VfL 볼프스부르크,,,,
21NG,N.슐로터베크,CB,97,독일,보루시아 도르트문트,,,,
21NG,웨슬리 포파나,CB,97,프랑스,레스터 시티,,,,
21NG,J.그바르디올,CB,97,크로아티아,RB 라이프치히,,,,
21NG,J.팀버르,CB,97,네덜란드,아약스,,,,
21NG,G.스카마카,ST,96,이탈리아,,,,,
21NG,브라힘,CAM,96,스페인,AC 밀란,레알 마드리드,맨체스터 시티,,
21NG,이베레치 이즈,CAM,96,잉글랜드,,,,,
21NG,올리버 스킵,CDM,96,잉글랜드,토트넘 홋스퍼,,,,
21NG,C.바움가르트너,CAM,96,오스트리아,,,,,
21NG,J.부르카르트,CF,96,독일,,,,,
21NG,소피안 디오프,CAM,96,프랑스,AS 모나코,,,,
21NG,수비멘디,CDM,96,스페인,,,,,
21NG,누누 멘데스,LB,96,포르투갈,파리 생제르맹,,,,
21NG,G.라스파도리,CAM,96,이탈리아,,,,,
21NG,마테우스 누니스,CM,96,포르투갈,,,,,
21NG,제레미 프림퐁,RWB,96,네덜란드,바이엘 04 레버쿠젠,맨체스터 시티,,,
21NG,T.리브라멘토,RB,96,잉글랜드,첼시,,,,
21NG,벤 갓프리,CB,95,잉글랜드,,,,,
21NG,오렐 망갈라,CM,95,벨기에,,,,,
21NG,조지프 윌록,CAM,95,잉글랜드,아스널,,,,
21NG,아마두 아이다라,CM,95,말리,RB 라이프치히,,,,
21NG,니콜라스 곤살레스,LW,95,아르헨티나,,,,,
21NG,리들레 바쿠,RM,95,독일,VfL 볼프스부르크,,,,
21NG,M.구에히,CB,95,잉글랜드,첼시,,,,
21NG,I.메슬리에,GK,95,프랑스,,,,,
21NG,A.살레마커르스,RW,95,벨기에,AC 밀란,,,,
21NG,모하메드 카마라,CDM,95,말리,,,,,
21NG,토드 캔트웰,RW,94,잉글랜드,,,,,
21NG,악셀 디사시,CB,94,프랑스,AS 모나코,,,,
21NG,노아 랑,CAM,94,네덜란드,아약스,,,,
21NG,팻슨 다카,ST,94,잠비아,레스터 시티,,,,
21NG,B.바디아실,CB,94,프랑스,AS 모나코,,,,
21NG,J.알바레스,RW,94,아르헨티나,맨체스터 시티,,,,
21NG,오딜롱 코수누,CB,94,코트디부아르,바이엘 04 레버쿠젠,,,,
21NG,샤를 드케텔라르,CF,94,벨기에,,,,,
21NG,K.술레마나,LW,94,가나,,,,,
21NG,미켈 담스고르,CAM,93,덴마크,,,,,
21NG,타릭 람프티,RB,93,잉글랜드,첼시,,,,
21NG,모하메드 시마칸,CB,93,프랑스,RB 라이프치히,,,,
21NG,트린캉,RW,93,포르투갈,FC 바르셀로나,,,,
21NG,브라이안 힐,LW,93,스페인,토트넘 홋스퍼,세비야 FC,,,
21NG,마이클 올리스,CAM,93,프랑스,,,,,
21NG,예레미,RM,93,스페인,비야레알 CF,,,,
21NG,R.셰르키,RW,92,프랑스,올랭피크 리옹,,,,
21NG,파비오 실바,ST,92,포르투갈,,,,,
21NG,N.마두에케,RW,92,잉글랜드,,,,,
21NG,P.사르,CM,92,세네갈,토트넘 홋스퍼,,,,
21NG,일라시 모리바,CM,91,기니,RB 라이프치히,,,,
